Nederlands,phoneme,true_rhyme
één,'en,'en
het klopt,'hEt klOpt,Opt
het kan me niet schelen,'hEt kAn m@ 'nit 'sxe-l@,e-l@
het hebben over,'hEt hE-b@ o-v@r,o-v@r
het hangt ervan af,'hEt hANt Er-'vAn Af,Af
het hagelt,'hEt 'ha-G@lt,a-G@lt
tot straks,'tot 'strAks,Aks
baas spelen,'bas spe-l@,e-l@
tot ziens,'tot 'zins,ins
tot zover,'tot zo-'vEr,o-'vEr
touwtje springen,tA+wt-j@ sprI-N@,I-N@
regenlaarzen,re-G@-lar-z@,ar-z@
nodig hebben,'no-d@x hE-b@,b@
nodig zijn,'no-d@x 'zE+n,E+n
heen en weer,'hen 'A~ 'wer,er
nog steeds,'nOx 'stets,ets
clownsneus,klA+ns-n2s,2s
cd,se-'de,e
waar naartoe,'war nar-'tu,u
divali,di-va-li,a-li
plat dak,plAt 'dAk,Ak
door elkaar,'dor El-'kar,ar
voeten vegen,vu-t@ ve-G@,e-G@
dol op,'dOl Op,Op
dokterstas,'dOk-t@r-stAs,As
op bezoek komen,'Op b@-zuk ko-m@,o-m@
doen alsof,dun Als-'Of,Of
het lukt,'hEt 'lYkt,Ykt
het regent,'hEt re-G@nt,@nt
het sneeuwt,'hEt 'snewt,ewt
het stormt,'hEt 'stOrmt,Ormt
suikerfeest,'sY+-k@r-fest,est
ketting rijgen,kE-tIN rE+-G@,E+-G@
het waait,'hEt 'wajt,ajt
op weg,'Op 'wEx,Ex
even klein,e-v@ klE+n,E+n
even donker,e-v@ 'dON-k@r,ON-k@r
op moment,'Op mo-m@nt,@nt
op pad,'Op pAt,At
op reis,'Op 'rE+s,E+s
op reis gaan,'Op Gan,an
op tijd,'Op tE+t,E+t
bleek zien,'blek zin,in
op een rij,'Op en rE+,E+
de zon schijnt,d@ 'zOn sxE+nt,E+nt
de slappe lach,d@ 'slA-p@ lAx,Ax
op zijn gemak,'Op zE+n x@-mAk,Ak
op zijn kop krijgen,'Op zE+n krE+-G@,E+-G@
dank je wel,dANk-j@-'wEl,El
dank je,dANk-j@,ANk-j@
op zoek,'Op zuk,uk
op z’n kop,'Op zE+n kOp,Op
dagje uit,dAx-j@ 'Y+t,Y+t
cowboyhoed,'kA+-bOj-hut,ut
zijn best doen,zE+n bEst dun,un
ramen lappen,ra-m@ lA-p@,A-p@
af en toe,'Af 'A~ tu,u
het geeft niet,'hEt 'Geft nit,it
grote mensen,'Gro-t@ mEn-s@,En-s@
allebei,A-l@-'bE+,E+
op en neer,'Op 'A~ 'ner,er
buitenspelen,'bY+-t@-spe-l@,e-l@
voor het eerst,vor 'hEt er-st,er-st
plein,'plE+n,E+n
lijf,'lE+f,E+f
maaltijd,'mal-tE+t,E+t
uit,'Y+t,Y+t
afscheid,'Af-sxE+t,E+t
geit,'xE+t,E+t
kwijt,'kwE+t,E+t
wijd,'wE+t,E+t
altijd,'Al-tE+t,E+t
eruit,Er-'Y+t,Y+t
tijd,'tE+t,E+t
wedstrijd,'wEt-strE+t,E+t
kleurkrijt,'kl2r-krE+t,E+t
tapijt,ta-'pE+t,E+t
meid,'mE+t,E+t
achteruit,Ax-t@r-'Y+t,Y+t
vooruit,vor-'Y+t,Y+t
stijf,'stE+f,E+f
fluit,'flY+t,Y+t
hut,'hYt,Yt
fruit,'frY+t,Y+t
ruit,'rY+t,Y+t
spuit,'spY+t,Y+t
snuit,'snY+t,Y+t
opzij,Op-'sE+,E+
bij,'bE+,E+
paasei,'pas-E+,E+
vrij,'vrE+,E+
blij,'blE+,E+
klei,'klE+,E+
mei,'mE+,E+
rij,'rE+,E+
boerderij,bur-d@-'rE+,E+
batterij,bA-t@-'rE+,E+
kinderboerderij,'kIn-d@r-bur-d@-rE+,E+
erbij,Er-'bE+,E+
vlakbij,vlAg-'bE+,E+
dichtbij,dIGd-'bE+,E+
wij,'wE+,E+
trui,'trY+,Y+
lui,'lY+,Y+
au,'A+,A+
jou,'jA+,A+
nou,'nA+,A+
ei,'E+,E+
vanuit,va-'nY+t,Y+t
karwei,kAr-'wE+,E+
ui,'Y+,Y+
zij,'zE+,E+
wei,'wE+,E+
voorbij,vor-'bE+,E+
aardbei,'ard-bE+,E+
hij,'hE+,E+
jij,'jE+,E+
allerlei,A-l@r-'lE+,E+
regenbui,'re-G@m-bY+,Y+
geluid,x@-'lY+t,Y+t
mij,'mE+,E+
juf,'jYf,Yf
druif,'drY+f,Y+f
duif,'dY+f,Y+f
vijf,'vE+f,E+f
pruik,'prY+k,Y+k
struik,'strY+k,Y+k
leuk,'l2k,2k
eigenlijk,'E+-G@-l@k,E+-G@-l@k
duidelijk,'dY+-d@-l@k,Y+-d@-l@k
verrukkelijk,v@-'rY-k@-l@k,Y-k@-l@k
waarschijnlijk,war-'sxE+n-l@k,E+n-l@k
uiterlijk,'Y+-t@r-l@k,Y+-t@r-l@k
geluk,x@-'lYk,Yk
ongeluk,'ON-G@-lYk,Yk
druk,'drYk,Yk
kruk,'krYk,Yk
stuk,'stYk,Yk
kledingstuk,'kle-dIN-stYk,Yk
biefstuk,'bif-stYk,Yk
fijn,'fE+n,E+n
lijn,'lE+n,E+n
thuis,'tY+s,Y+s
miljonair,mIl-jo-'nE:r,E:r
paleis,pa-'lE+s,E+s
ijs,'E+s,E+s
applaus,A-'plA+s,A+s
suf,'sYf,Yf
wolf,'wulf,ulf
zulk,'zYlk,Ylk
slurf,'slYrf,Yrf
bijl,'bE+l,E+l
moment, mo-m@nt,@nt
heuvel,'h2-v@l,2-v@l
puzzel,'pY-z@l,Y-z@l
flauwekul,flA+-w@-'kYl,Yl
nul,'nYl,Yl
krul,'krYl,Yl
geheim,x@-'hE+m,E+m
lijm,'lE+m,E+m
duim,'dY+m,Y+m
pluim,'plY+m,Y+m
pruim,'prY+m,Y+m
schuim,'sxY+m,Y+m
kletskous,'klEts-kA+s,A+s
gum,'gYm,Ym
podium,'po-di-jYm,Ym
clown,'klA+n,A+n
gordijn,xOr-'dE+n,E+n
kurk,'kYrk,Yrk
jurk,'jYrk,Yrk
dolfijn,dOl-'fE+n,E+n
big,'bIg,Ig
buik,'bY+k,Y+k
schatrijk,'sxAt-rE+k,E+k
belangrijk,b@-'lAN-rE+k,E+k
gelijk,x@-'lE+k,E+k
tegelijk,t@-G@-'lE+k,E+k
museum,my-'ze-jYm,e-jYm
kniekous,'kni-kA+s,A+s
kous,'kA+s,A+s
conducteur,kOn-dYk-'t2r,2r
kiespijn,'kis-pE+n,E+n
oorpijn,'or-pE+n,E+n
buikpijn,'bY+k-pE+n,E+n
hulp,'hYlp,Ylp
pijn,'pE+n,E+n
konijn,ko-'nE+n,E+n
mijn,'mE+n,E+n
schoolplein,'sxol-plE+n,E+n
klein,'klE+n,E+n
waslijn,'wAs-lE+n,E+n
ravijn,ra-'vE+n,E+n
everzwijn,'e-v@r-zwE+n,E+n
zijn,'zE+n,E+n
hoofdpijn,'hoft-pE+n,E+n
bruin,'brY+n,Y+n
dierentuin,'di-r@-tY+n,Y+n
speeltuin,'spel-tY+n,Y+n
schuin,'sxY+n,Y+n
dun,'dYn,Yn
hun,'hYn,Yn
pijp,'pE+p,E+p
regenpijp,'re-G@m-pE+p,E+p
broekspijp,'bruks-pE+p,E+p
rijp,'rE+p,E+p
hup,'hYp,Yp
club,'klYp,Yp
languit,'lAN-Y+t,Y+t
tuin,'tY+n,Y+n
pijl,'pE+l,E+l
mandarijn,mAn-da-'rE+n,E+n
kapitein,kA-pi-'tE+n,E+n
gulp,'xYlp,Ylp
directeur,di-rEk-'t2r,2r
kleur,'kl2r,2r
chauffeur,So-'f2r,2r
voordeur,'vor-d2r,2r
achterdeur,'Ax-t@r-d2r,2r
buitendeur,'bY+-t@-d2r,2r
reis,'rE+s,E+s
grijs,'xrE+s,E+s
muisgrijs,'mY+s-xrE+s,E+s
wijs,'wE+s,E+s
eigenwijs,E+-G@-'wE+s,E+s
rijbewijs,'rE+-b@-wE+s,E+s
trein,'trE+n,E+n
buis,'bY+s,Y+s
slakkenhuis,'slA-k@-hY+s,Y+s
ziekenhuis,'zi-k@-hY+s,Y+s
poppenhuis,'pO-p@-hY+s,Y+s
klokhuis,'klOk-hY+s,Y+s
pluis,'plY+s,Y+s
muis,'mY+s,Y+s
fornuis,fOr-'nY+s,Y+s
kruis,'krY+s,Y+s
deur,'d2r,2r
tulp,'tYlp,Ylp
keelpijn,'kel-pE+n,E+n
steil,'stE+l,E+l
eindelijk,'E+n-d@-l@k,E+n-d@-l@k
uil,'Y+l,Y+l
oud,'A+t,A+t
fout,'fA+t,A+t
hout,'hA+t,A+t
inhoud,'In-hA+t,A+t
koud,'kA+t,A+t
ijskoud,'E+s-kA+t,A+t
stout,'stA+t,A+t
oerwoud,'ur-wA+t,A+t
bult,'bYlt,Ylt
geduld,x@-'dYlt,Ylt
eind,'E+nt,E+nt
vliegtuig,'vlix-tY+x,Y+x
duizelig,'dY+-z@-l@x,Y+-z@-l@x
veilig,'vE+-l@x,E+-l@x
ongelukkig,ON-G@-'lY-k@x,Y-k@x
geduldig,x@-'dYl-d@x,Yl-d@x
nijdig,'nE+-d@x,E+-d@x
zweefvliegtuig,'zwe-flix-tY+x,Y+x
vrouw,'vrA+w,A+w
gauw,'xA+w,A+w
vouw,'vA+w,A+w
springtouw,'sprIN-tA+w,A+w
touw,'tA+w,A+w
buurvrouw,'byr-vrA+w,A+w
weinig,'wE+-n@x,E+-n@x
gelukkig,x@-'lY-k@x,Y-k@x
keurig,'k2-r@x,2-r@x
muts,'mYts,Yts
trouwens,'trA+-w@ns,A+-w@ns
luid,'lY+t,Y+t
huid,'hY+t,Y+t
snelheid,'snEl-hE+t,E+t
ontbijt,Ond-'bE+t,E+t
zout,'zA+t,A+t
dus,'dYs,Ys
zus,'zYs,Ys
augustus,A+-'GYs-tYs,Ys-tYs
mus,'mYs,Ys
circus,'sIr-kYs,sIr-kYs
rups,'rYps,Yps
krokus,'kro-kYs,Ys
kubus,'ky-bYs,Ys
goud,'xA+t,A+t
brievenbus,'bri-v@-bYs,Ys
bus,'bYs,Ys
terwijl,tEr-'wE+l,E+l
bloedneus,'blud-n2s,2s
neus,'n2s,2s
meubels,'m2-b@ls,2-b@ls
zweetdruppels,'zwe-drY-p@ls,Y-p@ls
neusdruppels,'n2z-drY-p@ls,Y-p@ls
tijdens,'tE+-d@ns,E+-d@ns
kus,'kYs,Ys
treurig,'tr2-r@x,2-r@x
reus,'r2s,2s
rustig,'rYs-t@x,Ys-t@x
kunst,'kYnst,Ynst
benauwd,b@-'nA+wt,A+wt
getrouwd,x@-'trA+wt,A+wt
lucht,'lYxt,Yxt
vrucht,'vrYxt,Yxt
zucht,'zYxt,Yxt
gebouw,x@-'bA+w,A+w
jouw,'jA+w,A+w
lauw,'lA+w,A+w
blauw,'blA+w,A+w
lichtblauw,'lIGd-blA+w,A+w
donkerblauw,'dON-k@r-blA+w,A+w
uitgerust,'Y+t-x@-rYst,Yst
flauw,'flA+w,A+w
serieus,se-ri-'j2s,2s
heus,'h2s,2s
vuil,'vY+l,Y+l
sleutel,'sl2-t@l,2-t@l
druppel,'drY-p@l,Y-p@l
tunnel,'tY-n@l,Y-n@l
eikel,'E+-k@l,E+-k@l
knuffel,'knY-f@l,Y-f@l
vleugel,'vl2-G@l,2-G@l
feestjurk,'fest-jYrk,Yrk
vijftig,'vE+f-t@x,E+f-t@x
kuil,'kY+l,Y+l
mouw,'mA+w,A+w
ongerust,ON-G@-'rYst,Yst
punt,'pYnt,Ynt
onrustig,On-'rYs-t@x,Ys-t@x
gulzig,'xYl-z@x,Yl-z@x
vlug,'vlYx,Yx
mug,'mYx,Yx
terug,t@-'rYx,Yx
brug,'brYx,Yx
en,'A~,A~
mevrouw,m@-'vrA+w,A+w
winkeljuffrouw,'wIN-k@l-jY-frA+w,A+w
overeind,o-v@r-'E+nt,E+nt
rug,'rYx,Yx
rust,'rYst,Yst
eetlust,'et-lYst,Yst
kust,'kYst,Yst
vuist,'vY+st,Y+st
juist,'jY+st,Y+st
rijst,'rE+st,E+st
T-shirt,'ti-SYrt,Yrt
shirt,'SYrt,Yrt
blind,'blAjnt,Ajnt
wenkbrauw,'wENg-brA+w,A+w
omstebeurt,'Om-st@-b2rt,2rt
doelpunt,'dul-pYnt,Ynt
kruispunt,'krY+s-pYnt,Ynt
roze,'rO:-z@,O:-z@
grijnzen,'xrE+n-z@,z@
opschuiven,'Op-sxY+-v@,Y+-v@
einde,'E+n-d@,E+n-d@
schuiven,'sxY+-v@,Y+-v@
vluchten,'vlYx-t@,Yx-t@
we,w@,w@
keuze,'k2-z@,2-z@
reizen,'rE+-z@,E+-z@
aanwijzen,'an-wE+-z@,E+-z@
wijzen,'wE+-z@,E+-z@
pauze,'pA+-z@,A+-z@
ze,z@,z@
juichen,'jY+-x@,Y+-x@
kauwen,'kA+-w@,A+-w@
zuchten,'zYx-t@,Yx-t@
trouwen,'trA+-w@,A+-w@
vertrouwen,v@r-'trA+-w@,A+-w@
verhuizen,v@r-'hY+-z@,Y+-z@
blijven,'blE+-v@,E+-v@
achterblijven,'Ax-t@r-blE+-v@,E+-v@
zuigen,'zY+-G@,Y+-G@
stofzuigen,'stOf-sY+-G@,Y+-G@
miauwen,mi-'jA+-w@,A+-w@
houden,'hA+-d@,A+-d@
onthouden,Ont-'hA+-d@,A+-d@
tegenhouden,'te-G@-hA+-d@,A+-d@
ophouden,'Op-hA+-d@,A+-d@
welterusten,wEl-t@-'rYs-t@,Ys-t@
schudden,'sxY-d@,Y-d@
stuiven,'stY+-v@,Y+-v@
snuiven,'snY+-v@,Y+-v@
opschrijven,'Op-sxrE+-v@,E+-v@
schrijven,'sxrE+-v@,E+-v@
wrijven,'wrE+-v@,E+-v@
ijsje,'E+s-j@,E+s-j@
thuisblijven,'tY+z-blE+-v@,E+-v@
afblijven,'Av-blE+-v@,E+-v@
overblijven,'o-v@r-blE+-v@,E+-v@
opblijven,'O-blE+-v@,E+-v@
bouwen,'bA+-w@,A+-w@
dweilen,'dwE+-l@,E+-l@
meisje,'mE+s-j@,E+s-j@
boodschappenlijstje,'bot-sxA-p@-lE+st-j@,E+st-j@
kusje,'kYs-j@,Ys-j@
gebruiken,x@-'brY+-k@,Y+-k@
drukken,'drY-k@,Y-k@
plukken,'plY-k@,lY-k@
zeilen,'zE+-l@,E+-l@
huilen,'hY+-l@,Y+-l@
buurmeisje,'byr-mE+s-j@,E+s-j@
rukken,'rY-k@,Y-k@
mislukken,mIs-'lY-k@,lY-k@
zusje,'zYs-j@,Ys-j@
ruilen,'rY+-l@,Y+-l@
versje,'vErs-j@,Ers-j@
beschuitje,b@-'sxY+t-j@,Y+t-j@
lukken,'lY-k@,lY-k@
krijtje,'krE+t-j@,E+t-j@
indrukken,'In-drY-k@,Y-k@
buigen,'bY+-G@,Y+-G@
kijken,'kE+-k@,E+-k@
durven,'dYr-v@,Yr-v@
touwtje,'tA+w-tj@,A+w-tj@
snurken,'snYr-k@,Yr-k@
vouwen,'vA+-w@,A+-w@
bekijken,b@-'kE+-k@,E+-k@
luciferhoutje,'ly-si-fEr-hA+t-j@,A+t-j@
schoolreisje,'sxol-rE+s-j@,E+s-j@
vakantiereisje,va-'kAn-si-rE+s-j@,E+s-j@
keuken,'k2-k@,2-k@
jeuken,'j2-k@,2-k@
veulen,'v2-l@,l@
ruiken,'rY+-k@,Y+-k@
kuiken,'kY+-k@,Y+-k@
duiken,'dY+-k@,Y+-k@
strijken,'strE+-k@,E+-k@
bereiken,b@-'rE+-k@,E+-k@
vergelijken,v@r-G@-'lE+-k@,E+-k@
rondkijken,'rOnt-kE+-k@,E+-k@
uitkijken,'Y+t-kE+-k@,E+-k@
omkijken,'Om-kE+-k@,E+-k@
nakijken,'na-kE+-k@,E+-k@
aankijken,'aN-kE+-k@,E+-k@
hurken,'hYr-k@,Yr-k@
zwijgen,'zwE+-G@,E+-G@
rijmen,'rE+-m@,E+-m@
krijgen,'krE+-G@,E+-G@
verkleuren,v@r-'kl2-r@,2-r@
krijsen,'krE+-s@,E+-s@
opruimen,'Op-rY+-m@,Y+-m@
zullen,'zY-l@,Y-l@
vullen,'vY-l@,Y-l@
brullen,'brY-l@,Y-l@
spullen,'spY-l@,Y-l@
verdwijnen,v@r-'dwE+-n@,E+-n@
mayonaise,mA-jo-'nE:-s@,E:-s@
smullen,'smY-l@,Y-l@
knutselen,'knYt-s@-l@,@-l@
huppelen,'hY-p@-l@,@-l@
struikelen,'strY+-k@-l@,@-l@
snuffelen,'snY-f@-l@,@-l@
knuffelen,'knY-f@-l@,@-l@
hulpje,'hYlp-j@,Ylp-j@
schijnen,'sxE+-n@,E+-n@
verschijnen,v@r-'sxE+-n@,E+-n@
stijgen,'stE+-G@,E+-G@
verslijten,v@r-'slE+-t@,E+-t@
kleien,'klE+-j@,j@
puffen,'pY-f@,Y-f@
stempelkussen,'stEm-p@l-kY-s@,Y-s@
kussen,'kY-s@,Y-s@
blussen,'blY-s@,Y-s@
tussen,'tY-s@,Y-s@
intussen,In-'tY-s@,Y-s@
ondertussen,On-d@r-'tY-s@,Y-s@
bijten,'bE+-t@,E+-t@
je,j@,j@
sluiten,'slY+-t@,Y+-t@
spijten,'spE+-t@,E+-t@
buiten,'bY+-t@,Y+-t@
fluiten,'flY+-t@,Y+-t@
besluiten,b@-'slY+-t@,Y+-t@
snuiten,'snY+-t@,Y+-t@
spuiten,'spY+-t@,Y+-t@
stukje,'stYk-j@,Yk-j@
leunen,'l2-n@,2-n@
zeuren,'z2-r@,2-r@
puzzelen,'pY-z@-l@,@-l@
scheuren,'sx2-r@,2-r@
rijden,'rE+-d@,E+-d@
paardrijden,'pard-rE+-d@,E+-d@
meerijden,'me-rE+-d@,E+-d@
autorijden,'A+-to-rE+-d@,E+-d@
bladzijde,'blAt-sE+-d@,E+-d@
weide,'wE+-d@,E+-d@
afscheuren,'Af-sx2-r@,2-r@
afsnijden,'Af-snE+-d@,E+-d@
omhooghouden,Om-'hox-hA+-d@,A+-d@
vasthouden,'vAst-hA+-d@,A+-d@
inhouden,'In-hA+-d@,A+-d@
oranje,o-'rA-J@,A-J@
franje,'frA-J@,A-J@
kastanje,kAs-'tA-J@,A-J@
eigen,'E+-G@,E+-G@
hijgen,'hE+-G@,E+-G@
rijgen,'rE+-G@,E+-G@
kudde,'kY-d@,Y-d@
snijden,'snE+-d@,E+-d@
zuiden,'zY+-d@,Y+-d@
glijden,'xlE+-d@,E+-d@
uitglijden,'Y+t-xlE+-d@,E+-d@
inkleuren,'IN-kl2-r@,2-r@
lusten,'lYs-t@,Ys-t@
bekeuren,b@-'k2-r@,2-r@
gebeuren,x@-'b2-r@,2-r@
kruipen,'krY+-p@,Y+-p@
sluipen,'slY+-p@,Y+-p@
grijpen,'xrE+-p@,E+-p@
begrijpen,b@-'GrE+-p@,E+-p@
kleuren,'kl2-r@,2-r@
knijpen,'knE+-p@,E+-p@
kunnen,'kY-n@,Y-n@
passen,'pA:-s@,A:-s@
rusten,'rYs-t@,Ys-t@
drijven,'drE+-v@,E+-v@
uitrusten,'Y+t-rYs-t@,Ys-t@
verkouden,v@r-'kA+-d@,A+-d@
beide,'bE+-d@,E+-d@
beiden,'bE+-d@,E+-d@
luisteren,'lY+s-t@-r@,Y+s-t@-r@
klauteren,'klA+-t@-r@,A+-t@-r@
bulderen,'bYl-d@-r@,Yl-d@-r@
fluisteren,'flY+s-t@-r@,Y+s-t@-r@
sputteren,'spY-t@-r@,Y-t@-r@
haven,'he-v@n,e-v@n
duizend,'dY+-z@nt,@nt
hoofdschuddend,'hoft-sxY-d@nt,@nt
kleuter,'kl2-t@r,2-t@r
kabouter,ka-'bA+-t@r,A+-t@r
mijter,'mE+-t@r,E+-t@r
pleister,'plE+s-t@r,E+s-t@r
schouder,'sxA+-d@r,A+-d@r
vijver,'vE+-v@r,E+-v@r
ijzer,'E+-z@r,E+-z@r
ouder,'A+-d@r,A+-d@r
knijper,'knE+-p@r,E+-p@r
zuster,'zYs-t@r,Ys-t@r
wasknijper,'wAs-knE+-p@r,E+-p@r
suiker,'sY+-k@r,Y+-k@r
puntenslijper,'pYn-t@-slE+-p@r,E+-p@r
reiger,'rE+-G@r,E+-G@r
tijger,'tE+-G@r,E+-G@r
luier,'lY+-j@r,Y+-j@r
nummer,'nY-m@r,Y-m@r
wijzer,'wE+-z@r,E+-z@r
cijfer,'sE+-f@r,E+-f@r
telefoonnummer,te-l@-'fo-nY-m@r,Y-m@r
stofzuiger,'stOf-sY+-G@r,Y+-G@r
schouders,'sxA+-d@rs,A+-d@rs
gras,'grA,A
pas,'pA,A
waggelen,'wA-G@-l@,@-l@
verlangen,v@r-'lA-N@,A-N@
behangen,b@-'hA-N@,A-N@
hangen,'hA-N@,A-N@
vangen,'vA-N@,A-N@
gevangenis,x@-'vA-N@-nIs,@-nIs
sleutelhanger,'sl2-t@l-hA-N@r,A-N@r
krabben,'krA-b@,b@
knabbelen,'knA-b@-l@,@-l@
krabbelen,'krA-b@-l@,@-l@
fladderen,'flA-d@-r@,A-d@-r@
paddestoel,'pA-d@-stul,ul
ladder,'lA-d@r,A-d@r
blaffen,'blA-f@,A-f@
afvallen,'A-fA-l@,l@
afvegen,'A-fe-G@,e-G@
afvragen,'A-fra-G@,a-G@
afvoer,'A-fur,ur
medaille,me-'dA-j@,j@
plakken,'plA-k@,A-k@
smakken,'smA-k@,A-k@
zakken,'zA-k@,A-k@
bakken,'bA-k@,A-k@
pakken,'pA-k@,A-k@
uitpakken,'Y+t-pA-k@,A-k@
makkelijk,'mA-k@-l@k,A-k@-l@k
gemakkelijk,x@-'mA-k@-l@k,A-k@-l@k
bakker,'bA-k@r,A-k@r
wakker,'wA-k@r,A-k@r
plakkertje,'plA-k@r-tj@,j@
vallen,'vA-l@,l@
knallen,'knA-l@,l@
alle,'A-l@,l@
alles,'A-l@s,A-l@s
toevallig,tu-'vA-l@x,A-l@x
kammen,'kA-m@,A-m@
rammen,'rA-m@,A-m@
jammeren,'jA-m@-r@,A-m@-r@
lammetje,'lA-m@-tj@,j@
jammer,'jA-m@r,A-m@r
pannenkoek,'pA-n@-kuk,uk
spannend,'spA-n@nt,@nt
verklappen,v@r-'klA-p@,A-p@
trappen,'trA-p@,A-p@
happen,'hA-p@,A-p@
klappen,'klA-p@,A-p@
uitstappen,'Y+t-stA-p@,A-p@
snappen,'snA-p@,A-p@
ontsnappen,Ont-'snA-p@,A-p@
stappen,'stA-p@,A-p@
klapperen,'klA-p@-r@,A-p@-r@
wapperen,'wA-p@-r@,A-p@-r@
appel,'A-p@l,A-p@l
appelboom,'A-p@l-bom,om
appelmoes,'A-p@l-mus,us
appeltaart,'A-p@l-tart,art
dapper,'dA-p@r,A-p@r
trapper,'trA-p@r,A-p@r
kapper,'kA-p@r,A-p@r
sappig,'sA-p@x,A-p@x
grappig,'xrA-p@x,A-p@x
papa,'pA-pa,a
paprika,'pA-pri-ka,a
dwarrelen,'dwA-r@-l@,@-l@
scharrelen,'sxA-r@-l@,@-l@
plassen,'plA-s@,A-s@
wassen,'wA-s@,A-s@
krassen,'krA-s@,A-s@
verrassen,v@-'rA-s@,A-s@
verrassing,v@-'rA-sIN,A-sIN
kassa,'kA-sa,a
kassabon,'kA-sa-bOn,On
lasso,'lA-so,A-so
spatten,'spA-t@,A-t@
schatten,'sxA-t@,A-t@
schattig,'sxA-t@x,A-t@x
uitlachen,'Y+t-lA-x@,A-x@
lachen,'lA-x@,A-x@
kachel,'kA-x@l,A-x@l
slagroom,'slAG-rom,om
zolang,zo-'lAN,AN
belang,b@-'lAN,AN
behang,b@-'hAN,AN
tuinslang,'tY+n-slAN,AN
lang,'lAN,AN
slang,'slAN,AN
allang,A-'lAN,AN
pang,'pAN,AN
wang,'wAN,AN
uitgang,'Y+t-xAN,AN
kangoeroe,'kAN-Gu-ru,u
janken,'jAN-k@,AN-k@
bedanken,b@-'dAN-k@,AN-k@
angstig,'AN-st@x,st@x
langzaam,'lAN-zam,am
plank,'plANk,ANk
klank,'klANk,ANk
drankje,'drANk-j@,ANk-j@
bedankt,b@-'dANkt,ANkt
langs,'lANs,ANs
angst,'ANst,ANst
graf,'xrAf,Af
staf,'stAf,Af
af,'Af,Af
vanaf,vAn-'Af,Af
straf,'strAf,Af
giraf,xi-'rAf,Af
eraf,Er-'Af,Af
afhalen,'Af-ha-l@,l@
afkloppen,'Af-klO-p@,O-p@
afknippen,'Af-knI-p@,I-p@
aflikken,'Af-lI-k@,I-k@
aflopen,'Af-lo-p@,o-p@
afmaken,'Af-ma-k@,a-k@
afpakken,'Af-pA-k@,A-k@
afronden,'Af-rOn-d@,On-d@
afrekenen,'Af-re-k@-n@,e-k@-n@
afzakken,'Af-sA-k@,A-k@
afspreken,'Af-spre-k@,e-k@
afspoelen,'Af-spu-l@,l@
afstandsbediening,'Af-stAndz-b@-di-nIN,IN
afstand,'Af-stAnt,Ant
afstempelen,'Af-stEm-p@-l@,@-l@
afwassen,'Af-wA-s@,A-s@
afwas,'Af-wAs,As
afwasborstel,'Af-wAz-bOr-st@l,Or-st@l
afgelopen,'Af-x@-lo-p@,o-p@
afgaan,'Af-xan,an
afgooien,'Af-xo-j@,j@
kaft,'kAft,Aft
plakband,'plAg-bAnt,Ant
plakboek,'plAg-buk,uk
zakdoek,'zAg-duk,uk
hai,'hAj,Aj
bak,'bAk,Ak
vlak,'vlAk,Ak
rugzak,'rYx-sAk,Ak
tak,'tAk,Ak
hak,'hAk,Ak
slak,'slAk,Ak
gemak,x@-'mAk,Ak
zak,'zAk,Ak
puntdak,'pYn-dAk,Ak
prullenbak,'prY-l@-bAk,Ak
gebak,x@-'bAk,Ak
vuilniszak,'vY+l-nI-sAk,Ak
dak,'dAk,Ak
pak,'pAk,Ak
smak,'smAk,Ak
strak,'strAk,Ak
clownspak,'klOwn-spAk,Ak
pakje,'pAk-j@,j@
zaklopen,'zAk-lo-p@,o-p@
plakplaatje,'plAk-plat-j@,j@
plaksel,'plAk-s@l,Ak-s@l
taxi,'tAk-si,Ak-si
tractor,'trAk-tOr,Ak-tOr
straks,'strAks,Aks
gehakt,x@-'hAkt,Akt
exact,Ek-'sAkt,Akt
nogal,'nO-xAl,Al
stal,'stAl,Al
getal,x@-'tAl,Al
pal,'pAl,Al
mal,'mAl,Al
smal,'smAl,Al
dal,'dAl,Al
bal,'bAl,Al
vooral,vor-'Al,Al
al,'Al,Al
hal,'hAl,Al
alfabet,'Al-fa-bEt,Et
bushalte,'bYs-hAl-t@,Al-t@
halte,'hAl-t@,Al-t@
behalve,b@-'hAl-v@,Al-v@
walvis,'wAl-vIs,Is
kalf,'kAlf,Alf
half,'hAlf,Alf
zalf,'zAlf,Alf
balk,'bAlk,Alk
kalm,'kAlm,Alm
als,'Als,Als
hals,'hAls,Als
zoals,zo-'wAls,Als
vals,'vAls,Als
mam,'mAm,Am
kam,'kAm,Am
lam,'lAm,Am
vlam,'vlAm,Am
stampen,'stAm-p@,Am-p@
shampoo,'SAm-po,Am-po
hamster,'hAm-st@r,Am-st@r
lamp,'lAmp,Amp
lampje,'lAmp-j@,j@
plan,'plAn,An
man,'mAn,An
pan,'pAn,An
van,'vAn,An
ervan,Er-'vAn,An
dan,'dAn,An
kan,'kAn,An
landen,'lAn-d@,An-d@
branden,'brAn-d@,An-d@
tandenborstel,'tAn-d@-bOr-st@l,Or-st@l
wandelen,'wAn-d@-l@,@-l@
wandeling,'wAn-d@-lIN,IN
veranderen,v@r-'An-d@-r@,An-d@-r@
andere,'An-d@-r@,An-d@-r@
ander,'An-d@r,An-d@r
anderhalf,'An-d@r-hAlf,Alf
anders,'An-d@rs,An-d@rs
zelfstandig,zElf-'stAn-d@x,An-d@x
handig,'hAn-d@x,An-d@x
verstandig,v@r-'stAn-d@x,An-d@x
handdoek,'hAn-duk,uk
ambulance,Am-by-'lAn-s@,An-s@
dansen,'dAn-s@,An-s@
ansichtkaart,'An-sIxt-kart,art
vakantie,va-'kAn-si,An-si
tante,'tAn-t@,An-t@
glanzen,'xlAn-z@,z@
tandarts,'tAnd-Arts,Arts
zandbak,'zAnd-bAk,Ak
brandweer,'brAnd-wer,er
brandweerman,'brAnd-wer-mAn,An
gans,'xAns,Ans
dansje,'dAns-j@,j@
plant,'plAnt,Ant
washand,'wAs-hAnt,Ant
mand,'mAnt,Ant
prullenmand,'prY-l@-mAnt,Ant
strand,'strAnt,Ant
rand,'rAnt,Ant
brand,'brAnt,Ant
krant,'krAnt,Ant
restaurant,rEs-to-'rAnt,Ant
tand,'tAnt,Ant
zijkant,'zE+-kAnt,Ant
verband,v@r-'bAnt,Ant
weiland,'wE+-lAnt,Ant
eiland,'E+-lAnt,Ant
buitenkant,'bY+-t@-kAnt,Ant
muzikant,my-zi-'kAnt,Ant
zand,'zAnt,Ant
buitenland,'bY+-t@-lAnt,Ant
klant,'klAnt,Ant
kant,'kAnt,Ant
want,'wAnt,Ant
hand,'hAnt,Ant
zandvorm,'zAnt-fOrm,Orm
tandpasta,'tAnt-pAs-ta,a
handschoen,'hAnt-sxun,un
antwoorden,'Ant-wor-d@,or-d@
antwoord,'Ant-wort,ort
buitenlands,'bY+-t@-lAnts,Ants
kap,'kAp,Ap
klap,'klAp,Ap
slap,'slAp,Ap
grap,'xrAp,Ap
pap,'pAp,Ap
map,'mAp,Ap
knap,'knAp,Ap
trap,'trAp,Ap
stap,'stAp,Ap
hap,'hAp,Ap
sap,'sAp,Ap
schap,'sxAp,Ap
lap,'lAp,Ap
hapje,'hAp-j@,j@
kapster,'kAp-st@r,Ap-st@r
kapstok,'kAp-stOk,Ok
kar,'kAr,Ar
barbecue,'bAr-b@-kjuw,juw
varken,'vAr-k@,Ar-k@
varkensvlees,'vAr-k@s-fles,es
verwarming,v@r-'wAr-mIN,IN
carnaval,'kAr-na-vAl,Al
hartelijk,'hAr-t@-l@k,Ar-t@-l@k
hardlopen,'hArd-lo-p@,o-p@
park,'pArk,Ark
markt,'mArkt,Arkt
warm,'wArm,Arm
arm,'Arm,Arm
armband,'Arm-bAnt,Ant
warmte,'wArm-t@,Arm-t@
dwars,'dwArs,Ars
zwart,'zwArt,Art
start,'stArt,Art
hard,'hArt,Art
hart,'hArt,Art
kwart,'kwArt,Art
apart,a-'pArt,Art
keihard,'kE+-hArt,Art
hartstikke,'hArt-stI-k@,I-k@
jas,'jAs,As
regenjas,'re-G@J-jAs,As
was,'wAs,As
klas,'klAs,As
das,'dAs,As
plas,'plAs,As
glas,'xlAs,As
matras,mA-'trAs,As
tas,'tAs,As
grasveld,'xrAs-fElt,Elt
masker,'mAs-k@r,As-k@r
wasmachine,'wAs-mA-Si-n@,i-n@
wasmand,'wAs-mAnt,Ant
wasmiddel,'wAs-mI-d@l,I-d@l
lastig,'lAs-t@x,As-t@x
fantastisch,fAn-'tAs-tis,is
pasgeboren,'pAs-x@-bo-r@,o-r@
wasgoed,'wAs-xut,ut
vast,'vAst,Ast
last,'lAst,Ast
alvast,Al-'vAst,Ast
kast,'kAst,Ast
kwast,'kwAst,Ast
vastmaken,'vAst-ma-k@,a-k@
vastplakken,'vAst-plA-k@,A-k@
vastzitten,'vAst-sI-t@,I-t@
stad,'stAt,At
nadat,na-'dAt,At
wat,'wAt,At
gat,'xAt,At
schat,'sxAt,At
dat,'dAt,At
omdat,Om-'dAt,At
voordat,vor-'dAt,At
glad,'xlAt,At
totdat,tO-'dAt,At
mat,'mAt,At
zodat,zo-'dAt,At
kat,'kAt,At
pad,'pAt,At
krat,'krAt,At
sleutelgat,'sl2-t@l-GAt,At
plat,'plAt,At
vouwblad,'vA+w-blAt,At
patat,pa-'tAt,At
deurmat,'d2r-mAt,At
rat,'rAt,At
nat,'nAt,At
bad,'bAt,At
badhanddoek,'bAt-hAn-duk,uk
badkamer,'bAt-ka-m@r,a-m@r
badpak,'bAt-pAk,Ak
afbreken,'Av-bre-k@,e-k@
afdrogen,'Av-dro-G@,G@
lach,'lAx,Ax
vlag,'vlAx,Ax
dag,'dAx,Ax
gedag,x@-'dAx,Ax
overdag,o-v@r-'dAx,Ax
vrijdag,'vrE+-dAx,Ax
verwachten,v@r-'wAx-t@,Ax-t@
wachten,'wAx-t@,Ax-t@
achter,'Ax-t@r,Ax-t@r
hierachter,hir-'Ax-t@r,Ax-t@r
erachter,Er-'Ax-t@r,Ax-t@r
achterbank,'Ax-t@r-bANk,ANk
achterkant,'Ax-t@r-kAnt,Ant
achterlicht,'Ax-t@r-lIxt,Ixt
achternaam,'Ax-t@r-nam,am
achterpoot,'Ax-t@r-pot,ot
prachtig,'prAx-t@x,Ax-t@x
reusachtig,r2s-'Ax-t@x,Ax-t@x
tachtig,'tAx-t@x,Ax-t@x
slagtand,'slAx-tAnt,Ant
achttien,'Ax-tin,in
nacht,'nAxt,Axt
gracht,'xrAxt,Axt
vacht,'vAxt,Axt
kracht,'krAxt,Axt
zacht,'zAxt,Axt
goeienacht,'xu-j@-nAxt,Axt
vannacht,vA-'nAxt,Axt
acht,'Axt,Axt
nachtmerrie,'nAxt-mE-ri,i
vrachtwagen,'vrAxt-wa-G@,a-G@
wasbak,'wAz-bAk,Ak
zeggen,'zE-G@,G@
leggen,'lE-G@,G@
bijleggen,'bE+-lE-G@,G@
terugleggen,t@-'rYG-lE-G@,G@
uitleggen,'Y+t-lE-G@,G@
weggaan,'wE-Gan,an
weggooien,'wE-Go-j@,j@
terugbrengen,t@-'rYG-brE-N@,E-N@
mengen,'mE-N@,E-N@
brengen,'brE-N@,E-N@
engel,'E-N@l,E-N@l
hengel,'hE-N@l,E-N@l
hebben,'hE-b@,b@
kwebbelen,'kwE-b@-l@,@-l@
hebberig,'hE-b@-r@x,E-b@-r@x
redden,'rE-d@,E-d@
wedden,'wE-d@,E-d@
ontdekken,On-'dE-k@,E-k@
lekken,'lE-k@,E-k@
uittrekken,'Y+-trE-k@,E-k@
overtrekken,o-v@r-'trE-k@,E-k@
trekken,'trE-k@,E-k@
bedekken,b@-'dE-k@,E-k@
vertrekken,v@r-'trE-k@,E-k@
stekker,'stE-k@r,E-k@r
wekker,'wE-k@r,E-k@r
lekker,'lE-k@r,E-k@r
lekkers,'lE-k@rs,E-k@rs
vertellen,v@r-'tE-l@,l@
bellen,'bE-l@,l@
tellen,'tE-l@,l@
bestellen,b@-'stE-l@,l@
spellen,'spE-l@,l@
elleboog,'E-l@-box,ox
spelletje,'spE-l@-tj@,j@
ongezellig,ON-G@-'zE-l@x,E-l@x
gezellig,x@-'zE-l@x,E-l@x
remmen,'rE-m@,E-m@
zwemmen,'zwE-m@,E-m@
emmer,'E-m@r,E-m@r
herkennen,hEr-'kE-n@,E-n@
verwennen,v@r-'wE-n@,E-n@
rennen,'rE-n@,E-n@
wennen,'wE-n@,E-n@
kennen,'kE-n@,E-n@
dennenappel,'dE-n@-A-p@l,A-p@l
dennenboom,'dE-n@-bom,om
kennis,'kE-n@s,E-n@s
tennis,'tE-n@s,E-n@s
scheppen,'sxE-p@,E-p@
greppel,'xrE-p@l,@l
herrie,'hE-ri,i
bijzetten,'bE+-zE-t@,E-t@
zetten,'zE-t@,E-t@
spetteren,'spE-t@-r@,E-t@-r@
kletteren,'klE-t@-r@,E-t@-r@
ontzettend,Ont-'sE-t@nt,@nt
letter,'lE-t@r,E-t@r
toilettas,twA-'lE-tAs,As
ketting,'kE-tIN,IN
spaghetti,spA-'GE-ti,i
echo,'E-xo,o
wegbrengen,'wEG-brE-N@,E-N@
wegleggen,'wEG-lE-G@,G@
weglopen,'wEG-lo-p@,o-p@
wegwezen,'wEG-we-z@,e-z@
gang,'gEN,EN
bang,'bEN,EN
streng,'strEN,EN
eng,'EN,EN
denken,'dEN-k@,EN-k@
bedenken,b@-'dEN-k@,EN-k@
enkel,'EN-k@l,@l
lengte,'lEN-t@,EN-t@
bank,'bENk,ENk
deftig,'dEf-t@x,Ef-t@x
snackbar,'snEg-bAr,Ar
dekbed,'dEg-bEt,Et
hek,'hEk,Ek
vlek,'vlEk,Ek
nek,'nEk,Ek
bek,'bEk,Ek
plek,'plEk,Ek
lek,'lEk,Ek
rek,'rEk,Ek
tijdgebrek,'tE+t-x@-brEk,Ek
trek,'trEk,Ek
bestek,b@-'stEk,Ek
gek,'xEk,Ek
deksel,'dEk-s@l,@l
extra,'Ek-stra,a
elektrisch,e-'lEk-tris,is
heks,'hEks,Eks
direct,'dAj-rEkt,Ekt
insect,In-'sEkt,Ekt
tel,'tEl,El
wel,'wEl,El
snel,'snEl,El
vel,'vEl,El
deurbel,'d2r-bEl,El
chocomel,So-ko-'mEl,El
bel,'bEl,El
jawel,ja-'wEl,El
hoewel,hu-'wEl,El
spel,'spEl,El
hotel,ho-'tEl,El
schelden,'sxEl-d@,El-d@
kelder,'kEl-d@r,El-d@r
helder,'hEl-d@r,El-d@r
geweldig,x@-'wEl-d@x,El-d@x
telkens,'tEl-k@ns,El-k@ns
welkom,'wEl-kOm,Om
helpen,'hEl-p@,El-p@
smelten,'smEl-t@,El-t@
zichzelf,zIG-'zElf,Elf
jezelf,j@-'zElf,Elf
zelf,'zElf,Elf
vanzelf,vAn-'zElf,Elf
elf,'Elf,Elf
zelfs,'zElfs,Elfs
helft,'hElft,Elft
chocomelk,'So-ko-mElk,Elk
welk,'wElk,Elk
elk,'Elk,Elk
melk,'mElk,Elk
melktand,'mElk-tAnt,Ant
helm,'hElm,Elm
schelp,'sxElp,Elp
geld,'xElt,Elt
veld,'vElt,Elt
hetzelfde,hEt-'sElv-d@,Elv-d@
dezelfde,d@-'zElv-d@,Elv-d@
stem,'stEm,Em
jam,'dZEm,Em
hem,'hEm,Em
tram,'trEm,Em
november,no-'vEm-b@r,Em-b@r
september,sEp-'tEm-b@r,Em-b@r
december,de-'sEm-b@r,Em-b@r
zwembad,'zwEm-bAt,At
zwembroek,'zwEm-bruk,uk
zwemles,'zwEm-lEs,Es
stempelen,'stEm-p@-l@,@-l@
stempel,'stEm-p@l,@l
zwempak,'zwEm-pAk,Ak
camping,'kEm-pIN,IN
hemd,'hEmt,Emt
pen,'pEn,En
hen,'hEn,En
zenden,'zEn-d@,En-d@
kalender,ka-'lEn-d@r,En-d@r
wensen,'wEn-s@,En-s@
vensterbank,'vEn-st@r-bANk,ANk
lente,'lEn-t@,En-t@
mens,'mEns,Ens
wens,'wEns,Ens
vent,'vEnt,Ent
land,'lEnt,Ent
band,'bEnt,Ent
verwend,v@r-'wEnt,Ent
tent,'tEnt,Ent
circustent,'sIr-kYs-tEnt,Ent
cent,'sEnt,Ent
agent,a-'GEnt,Ent
cement,s@-'mEnt,Ent
schep,'sxEp,Ep
klep,'klEp,Ep
step,'stEp,Ep
web,'wEp,Ep
ver,'vEr,Er
zover,zo-'vEr,o-'vEr
ster,'stEr,Er
er,'Er,Er
omver,Om-'vEr,Er
per,'pEr,Er
verbergen,v@r-'bEr-G@,G@
ergens,'Er-G@ns,Er-G@ns
nergens,'nEr-G@ns,Er-G@ns
derde,'dEr-d@,Er-d@
herder,'hEr-d@r,Er-d@r
verder,'vEr-d@r,Er-d@r
werken,'wEr-k@,Er-k@
merken,'mEr-k@,Er-k@
doorwerken,dor-'wEr-k@,Er-k@
verkopen,'vEr-ko-p@,o-p@
beschermen,b@-'sxEr-m@,Er-m@
kermis,'kEr-mIs,Is
thermometer,'tEr-mo-me-t@r,e-t@r
verte,'vEr-t@,Er-t@
dertien,'dEr-tin,in
verven,'vEr-v@,Er-v@
erf,'Erf,Erf
verf,'vErf,Erf
verfpot,'vErf-pOt,Ot
herfst,'hErfst,Erfst
sterk,'stErk,Erk
kerk,'kErk,Erk
werk,'wErk,Erk
werkje,'wErk-j@,j@
ernstig,'Ern-st@x,st@x
scherp,'sxErp,Erp
vers,'vErs,Ers
kers,'kErs,Ers
verst,'vErst,Erst
kerstfeest,'kErst-fest,est
kerstkaart,'kErst-kart,art
kerstklok,'kErst-klOk,Ok
kerstman,'kErst-mAn,An
hert,'hErt,Ert
berg,'bErx,Erx
erg,'Erx,Erx
dwerg,'dwErx,Erx
kerstbal,'kErzd-bAl,Al
kerstboom,'kErzd-bom,om
bes,'bEs,Es
adres,A-'drEs,Es
expres,Eks-'prEs,Es
fles,'flEs,Es
zes,'zEs,Es
mes,'mEs,Es
les,'lEs,Es
prinses,prIn-'sEs,Es
pesten,'pEs-t@,Es-t@
beste,'bEs-t@,Es-t@
plastic,'plEs-tIk,Es-tIk
zestien,'zEs-tin,in
gesp,'xEsp,Esp
wesp,'wEsp,Esp
nest,'nEst,Est
rest,'rEst,Est
best,'bEst,Est
mesthoop,'mEst-hop,op
pestkop,'pEst-kOp,Op
net,'nEt,Et
vet,'vEt,Et
pret,'prEt,Et
flat,'flEt,Et
toilet,twA-'lEt,Et
politiepet,po-'lit-si-pEt,Et
met,'mEt,Et
pet,'pEt,Et
bed,'bEt,Et
daarnet,dar-'nEt,Et
pakket,pA-'kEt,Et
kroket,kro-'kEt,Et
trompet,trOm-'pEt,Et
netjes,'nEt-j@s,Et-j@s
etmaal,'Et-mal,al
pretpark,'prEt-pArk,Ark
toiletpapier,twA-'lEt-pa-pir,ir
kletsen,'klEt-s@,Et-s@
metselen,'mEt-s@-l@,@-l@
metselaar,'mEt-s@-lar,ar
kletsnat,'klEts-nAt,At
weg,'wEx,Ex
onderweg,On-d@r-'wEx,Ex
zeg,'zEx,Ex
autoweg,'A+-to-wEx,Ex
leg,'lEx,Ex
vechten,'vEx-t@,Ex-t@
rechter,'rEx-t@r,Ex-t@r
rechterkant,'rEx-t@r-kAnt,Ant
echt,'Ext,Ext
gerecht,x@-'rExt,Ext
recht,'rExt,Ext
vlecht,'vlExt,Ext
slecht,'slExt,Ext
knecht,'knExt,Ext
rechthoek,'rExt-huk,uk
terechtkomen,t@-'rExt-ko-m@,o-m@
rechts,'rExts,Exts
liggen,'lI-G@,G@
springen,'sprI-N@,I-N@
uitwringen,'Y+t-wrI-N@,I-N@
zingen,'zI-N@,I-N@
slingeren,'slI-N@-r@,I-N@-r@
vinger,'vI-N@r,I-N@r
slinger,'slI-N@r,I-N@r
kribbe,'krI-b@,b@
bibberen,'bI-b@-r@,I-b@-r@
glibberig,'xlI-b@-r@x,I-b@-r@x
stripboek,'strI-buk,uk
midden,'mI-d@,I-d@
doormidden,dor-'mI-d@,I-d@
onmiddellijk,On-'mI-d@-l@k,I-d@-l@k
ridder,'rI-d@r,I-d@r
middageten,'mI-dAG-e-t@,e-t@
middag,'mI-dAx,Ax
goedemiddag,xu-d@-'mI-dAx,Ax
woensdagmiddag,wunz-dAG-'mI-dAx,Ax
vanmiddag,vAn-'mI-dAx,Ax
middags,'mI-dAxs,Axs
prikken,'prI-k@,I-k@
pikken,'pI-k@,I-k@
snikken,'snI-k@,I-k@
stikken,'stI-k@,I-k@
schrikken,'sxrI-k@,I-k@
klikken,'klI-k@,I-k@
strikken,'strI-k@,I-k@
knikken,'knI-k@,I-k@
likken,'lI-k@,I-k@
tikken,'tI-k@,I-k@
knikkeren,'knI-k@-r@,I-k@-r@
prikkeldraad,'prI-k@l-drat,at
kikker,'kI-k@r,I-k@r
sticker,'stI-k@r,I-k@r
knikker,'knI-k@r,I-k@r
tikkertje,'tI-k@r-tj@,j@
ticket,'tI-k@t,I-k@t
trillen,'trI-l@,l@
willen,'wI-l@,l@
billen,'bI-l@,l@
gillen,'xI-l@,l@
tillen,'tI-l@,l@
rillen,'rI-l@,l@
verschillend,v@r-'sxI-l@nt,@nt
klimmen,'klI-m@,I-m@
gymmen,'xI-m@,I-m@
glimmen,'xlI-m@,I-m@
timmeren,'tI-m@-r@,I-m@-r@
timmerman,'tI-m@r-mAn,An
verzinnen,v@r-'zI-n@,I-n@
winnen,'wI-n@,I-n@
spinnen,'spI-n@,I-n@
pinnen,'pI-n@,I-n@
beginnen,b@-'GI-n@,I-n@
binnen,'bI-n@,I-n@
Koninginnedag,ko-nI-'NI-n@-dAx,Ax
hinniken,'hI-n@-k@,I-n@-k@
binnenkant,'bI-n@-kAnt,Ant
binnenkomen,'bI-n@-ko-m@,o-m@
spinnenweb,'spI-n@-wEp,Ep
geheimzinnig,x@-hE+m-'zI-n@x,I-n@x
winnaar,'wI-nar,ar
knippen,'knI-p@,I-p@
glippen,'xlI-p@,I-p@
uitknippen,'Y+t-knI-p@,I-p@
wippen,'wI-p@,I-p@
strippenkaart,'strI-p@-kart,art
trippelen,'trI-p@-l@,@-l@
lippenstift,'lI-p@-stIft,Ift
kippenvel,'kI-p@-vEl,El
kippenvlees,'kI-p@-vles,es
slipper,'slI-p@r,I-p@r
schipper,'sxI-p@r,I-p@r
flipperkast,'flI-p@r-kAst,Ast
vissen,'vI-s@,I-s@
sissen,'sI-s@,I-s@
missen,'mI-s@,I-s@
vergissen,v@r-'GI-s@,I-s@
wisselen,'wI-s@-l@,@-l@
misselijk,'mI-s@-l@k,I-s@-l@k
zitten,'zI-t@,I-t@
pitten,'pI-t@,I-t@
hitte,'hI-t@,I-t@
klittenband,'klI-t@-bAnt,Ant
dichtdoen,'dIG-dun,un
kring,'krIN,IN
uitnodiging,'Y+t-no-d@-GIN,IN
schutting,'sxY-tIN,IN
ritssluiting,'rIt-slY+-tIN,IN
sluiting,'slY+-tIN,IN
pudding,'pY-dIN,IN
bekeuring,b@-'k2-rIN,IN
waterleiding,'wa-t@r-lE+-dIN,IN
ring,'rIN,IN
trapleuning,'trAp-l2-nIN,IN
houding,'hA+-dIN,IN
ding,'dIN,IN
buiging,'bY+-GIN,IN
ingang,'IN-GAN,AN
stinken,'stIN-k@,IN-k@
drinken,'drIN-k@,IN-k@
zinken,'zIN-k@,IN-k@
klinken,'klIN-k@,IN-k@
verdrinken,v@r-'drIN-k@,IN-k@
winkelen,'wIN-k@-l@,@-l@
rinkelen,'rIN-k@-l@,@-l@
winkel,'wIN-k@l,@l
linker,'lIN-k@r,IN-k@r
stinkdier,'stINg-dir,ir
flink,'flINk,INk
pink,'pINk,INk
drinkglas,'drINk-xlAs,As
links,'lINks,INks
stift,'stIft,Ift
schrift,'sxrIft,Ift
tijdschrift,'tE+t-sxrIft,Ift
lift,'lIft,Ift
prikbord,'prIg-bOrt,Ort
strik,'strIk,Ik
tik,'tIk,Ik
dik,'dIk,Ik
ik,'Ik,Ik
blik,'blIk,Ik
hik,'hIk,Ik
prik,'prIk,Ik
kikvors,'kIk-fOrs,Ors
bliksem,'blIk-s@m,Ik-s@m
niks,'nIks,Iks
verschrikt,v@r-'sxrIkt,Ikt
pil,'pIl,Il
schil,'sxIl,Il
krokodil,kro-ko-'dIl,Il
bil,'bIl,Il
april,A-'prIl,Il
gil,'xIl,Il
bril,'brIl,Il
stil,'stIl,Il
verschil,v@r-'sxIl,Il
schilder,'sxIl-d@r,Il-d@r
stilstaan,'stIl-stan,an
zilver,'zIl-v@r,Il-v@r
stilzitten,'stIl-zI-t@,I-t@
film,'fIlm,Ilm
wild,'wIlt,Ilt
schild,'sxIlt,Ilt
schildpad,'sxIlt-pAt,At
slim,'slIm,Im
gym,'xIm,Im
glimlachen,'xlIm-lA-x@,A-x@
wimper,'wIm-p@r,Im-p@r
inpakken,'Im-pA-k@,A-k@
klimrek,'klIm-rEk,Ek
gymschoenen,'xIm-sxu-n@,u-n@
pin,'pIn,In
kin,'kIn,In
vriendin,vrin-'dIn,In
onderin,On-d@r-'In,In
begin,b@-'GIn,In
spin,'spIn,In
koningin,ko-nI-'NIn,In
waarin,war-'In,In
in,'In,In
boerin,bu-'rIn,In
achterin,Ax-t@r-'In,In
bovenin,bo-v@-'In,In
daarin,'da-rIn,In
zin,'zIn,In
middenin,mI-d@-'In,In
erin,Er-'In,In
vinden,'vIn-d@,In-d@
bevinden,b@-'vIn-d@,In-d@
vlinder,'vlIn-d@r,In-d@r
hinder,'hIn-d@r,In-d@r
minder,'mIn-d@r,In-d@r
kinderwagen,'kIn-d@r-wa-G@,a-G@
pinda,'pIn-da,a
pindakaas,'pIn-da-kas,as
indien,'In-din,in
indoen,'In-dun,un
inhalen,'In-ha-l@,l@
inladen,'In-la-d@,a-d@
inslikken,'In-slI-k@,I-k@
insmeren,'In-sme-r@,e-r@
minste,'mIn-st@,In-st@
instappen,'In-stA-p@,A-p@
instoppen,'In-stO-p@,O-p@
instorten,'In-stOr-t@,Or-t@
winter,'wIn-t@r,In-t@r
winterjas,'wIn-t@r-jAs,As
winterslaap,'wIn-t@r-slap,ap
twintig,'twIn-t@x,In-t@x
prins,'prIns,Ins
minst,'mInst,Inst
Sint,'sInt,Int
lint,'lInt,Int
hyacint,hi-ja-'sInt,Int
wind,'wInt,Int
kind,'kInt,Int
windje,'wInt-j@,j@
dinsdag,'dInz-dAx,Ax
lip,'lIp,Ip
sip,'sIp,Ip
stip,'stIp,Ip
tijdstip,'tE+t-stIp,Ip
schip,'sxIp,Ip
kip,'kIp,Ip
knip,'knIp,Ip
wip,'wIp,Ip
chips,'tSIps,Ips
cirkel,'sIr-k@l,@l
Kerstmis,'kErs-tmIs,Is
is,'Is,Is
goudvis,'xA+t-fIs,Is
vis,'vIs,Is
mis,'mIs,Is
narcis,nAr-'sIs,Is
visnet,'vIs-nEt,Et
eergisteren,er-'GIs-t@-r@,Is-t@-r@
gisteren,'xIs-t@-r@,Is-t@-r@
kist,'kIst,Ist
machinist,mA-Si-'nIst,Ist
mist,'mIst,Ist
wit,'wIt,It
bezit,b@-'zIt,It
dit,'dIt,It
rit,'rIt,It
ritselen,'rIt-s@-l@,@-l@
rits,'rIts,Its
zich,'zIx,Ix
lichter,'lIx-t@r,Ix-t@r
voorzichtig,vor-'zIx-t@x,Ix-t@x
onvoorzichtig,On-vor-'zIx-t@x,Ix-t@x
richting,'rIx-tIN,IN
licht,'lIxt,Ixt
zicht,'zIxt,Ixt
gezicht,x@-'zIxt,Ixt
gedicht,x@-'dIxt,Ixt
nicht,'nIxt,Ixt
dicht,'dIxt,Ixt
lichtje,'lIxt-j@,j@
dichtmaken,'dIxt-ma-k@,a-k@
lichtgroen,'lIxt-xrun,un
lichtst,'lIxtst,Ixtst
yoghurt,'jO-G@rt,@rt
jongen,'jO-N@,O-N@
hongerig,'hO-N@-r@x,O-N@-r@x
honger,'hO-N@r,O-N@r
hobbelpaard,'hO-b@l-part,art
opbellen,'O-bE-l@,l@
opbergen,'O-bEr-G@,G@
klodder,'klO-d@r,O-d@r
modder,'mO-d@r,O-d@r
sloffen,'slO-f@,O-f@
boffen,'bO-f@,O-f@
ploffen,'plO-f@,O-f@
koffer,'kO-f@r,O-f@r
koffie,'kO-fi,i
schrokken,'sxrO-k@,O-k@
blokkendoos,'blO-k@-dos,os
rollen,'rO-l@,l@
hollen,'hO-l@,l@
lolly,'lO-li,i
grommen,'xrO-m@,O-m@
brommen,'brO-m@,O-m@
schommel,'sxO-m@l,@l
trommel,'trO-m@l,@l
rommel,'rO-m@l,@l
brommer,'brO-m@r,O-m@r
komkommer,kOm-'kO-m@r,O-m@r
zonnebril,'zO-n@-brIl,Il
zonnig,'zO-n@x,O-n@x
pony,'pO-ni,i
foppen,'fO-p@,O-p@
stoppen,'stO-p@,O-p@
kloppen,'klO-p@,O-p@
schoppen,'sxO-p@,O-p@
verstoppen,v@r-'stO-p@,O-p@
poppenkast,'pO-p@-kAst,Ast
mopperen,'mO-p@-r@,O-p@-r@
poppenwagen,'pO-p@-wa-G@,a-G@
verstoppertje,v@r-'stO-p@r-tj@,j@
oppakken,'O-pA-k@,A-k@
oppassen,'O-pA-s@,A-s@
opplakken,'O-plA-k@,A-k@
knorren,'knO-r@,O-r@
sorry,'sO-ri,i
rotten,'rO-t@,O-t@
tenslotte,tEn-'slO-t@,O-t@
stotteren,'stO-t@-r@,O-t@-r@
rottig,'rO-t@x,O-t@x
jong,'jON,ON
tong,'tON,ON
donker,'dON-k@r,ON-k@r
donkergroen,'dON-k@r-Grun,un
donkerder,'dON-k@r-d@r,ON-k@r-d@r
donkerst,'dON-k@rst,ON-k@rst
opdrinken,'Ob-drIN-k@,IN-k@
plof,'plOf,Of
stof,'stOf,Of
slof,'slOf,Of
alsof,Als-'Of,Of
of,'Of,Of
cowboy,'kA+-bOj,Oj
hoi,'hOj,Oj
rok,'rOk,Ok
bok,'bOk,Ok
stok,'stOk,Ok
sok,'sOk,Ok
schok,'sxOk,Ok
brok,'brOk,Ok
klok,'klOk,Ok
kok,'kOk,Ok
konijnenhok,ko-'nE+-n@-hOk,Ok
slok,'slOk,Ok
hok,'hOk,Ok
blok,'blOk,Ok
slokje,'slOk-j@,j@
boksen,'bOk-s@,Ok-s@
dokter,'dOk-t@r,Ok-t@r
doktersjas,'dOk-t@rs-jAs,As
box,'bOks,Oks
vol,'vOl,Ol
wol,'wOl,Ol
rol,'rOl,Ol
mol,'mOl,Ol
bol,'bOl,Ol
hol,'hOl,Ol
lol,'lOl,Ol
volgen,'vOl-G@,G@
volgens,'vOl-G@ns,Ol-G@ns
volgend,'vOl-G@nt,@nt
zolder,'zOl-d@r,Ol-d@r
bolhoed,'bOl-hut,ut
roltrap,'rOl-trAp,Ap
volgorde,'vOlG-Or-d@,Or-d@
golf,'xOlf,Olf
wolk,'wOlk,Olk
bewolkt,b@-'wOlkt,Olkt
dom,'dOm,Om
bom,'bOm,Om
stom,'stOm,Om
kom,'kOm,Om
om,'Om,Om
erom,Er-'Om,Om
waarom,war-'Om,Om
kauwgom,'kA+w-GOm,Om
andersom,An-d@rs-'Om,Om
krom,'krOm,Om
omgooien,'Om-Go-j@,j@
omdraaien,'Om-dra-j@,j@
omdoen,'Om-dun,un
omkeren,'Om-ke-r@,e-r@
omkiepen,'Om-ki-p@,i-p@
domoor,'dOm-or,or
stompen,'stOm-p@,Om-p@
mompelen,'mOm-p@-l@,@-l@
omslaan,'Om-slan,an
afkomstig,Af-'kOm-st@x,st@x
omvallen,'Om-vA-l@,l@
klomp,'klOmp,Omp
soms,'sOms,Oms
ballon,bA-'lOn,On
kanon,ka-'nOn,On
station,stA-'tSOn,On
karton,kAr-'tOn,On
zon,'zOn,On
kameleon,ka-me-le-'jOn,On
balkon,bAl-'kOn,On
champignon,SAm-pi-'jOn,On
zonde,'zOn-d@,On-d@
seconde,s@-'kOn-d@,On-d@
ronde,'rOn-d@,On-d@
hondenpoep,'hOn-d@-pup,up
bewonderen,b@-'wOn-d@-r@,On-d@-r@
wonder,'wOn-d@r,On-d@r
onder,'On-d@r,On-d@r
bijzonder,bi-'zOn-d@r,On-d@r
hieronder,hir-'On-d@r,On-d@r
donder,'dOn-d@r,On-d@r
zonder,'zOn-d@r,On-d@r
onderbroek,'On-d@r-bruk,uk
donderdag,'dOn-d@r-dAx,Ax
onderkant,'On-d@r-kAnt,Ant
afzonderlijk,Af-'sOn-d@r-l@k,On-d@r-l@k
honderd,'hOn-d@rt,On-d@rt
zondag,'zOn-dAx,Ax
ronddraaien,'rOn-dra-j@,j@
onlangs,'On-lANs,ANs
monster,'mOn-st@r,On-st@r
onweer,'On-wer,er
bonzen,'bOn-z@,z@
onzin,'On-zIn,In
rondom,'rOnd-Om,Om
rondlopen,'rOnd-lo-p@,o-p@
grondwater,'xrOnd-wa-t@r,a-t@r
plons,'plOns,Ons
spons,'spOns,Ons
ons,'Ons,Ons
mond,'mOnt,Ont
wond,'wOnt,Ont
grond,'xrOnt,Ont
rond,'rOnt,Ont
plafond,pla-'fOnt,Ont
gezond,x@-'zOnt,Ont
hond,'hOnt,Ont
wondje,'wOnt-j@,j@
suikerklontje,'sY+-k@r-klOnt-j@,j@
rondgang,'rOnt-xAN,AN
sop,'sOp,Op
op,'Op,Op
stop,'stOp,Op
pop,'pOp,Op
knop,'knOp,Op
mop,'mOp,Op
kop,'kOp,Op
prop,'prOp,Op
rechtop,rExt-'Op,Op
waarop,war-'Op,Op
erop,Er-'Op,Op
verderop,vEr-d@r-'Op,Op
hardop,hArd-'Op,Op
bovenop,bo-v@-'Op,Op
dop,'dOp,Op
drop,'drOp,Op
opeten,'Op-e-t@,e-t@
opvreten,'Op-fre-t@,e-t@
ophangen,'Op-hA-N@,A-N@
ophalen,'Op-ha-l@,l@
dropje,'drOp-j@,j@
kopje,'kOp-j@,j@
knopje,'knOp-j@,j@
stopcontact,'stOp-kOn-tAkt,Akt
opletten,'Op-lE-t@,E-t@
stoplicht,'stOp-lIxt,Ixt
oplossen,'Op-lO-s@,O-s@
opmaken,'Op-ma-k@,a-k@
opnemen,'Op-ne-m@,e-m@
opnoemen,'Op-nu-m@,u-m@
oprollen,'Op-rO-l@,l@
koprol,'kOp-rOl,Ol
oprapen,'Op-ra-p@,a-p@
opzetten,'Op-sE-t@,E-t@
opstapelen,'Op-sta-p@-l@,@-l@
opstaan,'Op-stan,an
opsteken,'Op-ste-k@,e-k@
opzoeken,'Op-su-k@,u-k@
opschieten,'Op-sxi-t@,i-t@
helikopter,he-li-'kOp-t@r,Op-t@r
optillen,'Op-tI-l@,l@
optocht,'Op-tOxt,Oxt
koptelefoon,'kOp-te-l@-fon,on
optreden,'Op-tre-d@,e-d@
opwinden,'Op-wIn-d@,In-d@
snor,'snOr,Or
dor,'dOr,Or
zorgen,'zOr-G@,G@
goedemorgen,xu-d@-'mOr-G@,G@
morgen,'mOr-G@,G@
verzorgen,v@r-'zOr-G@,G@
overmorgen,o-v@r-'mOr-G@,G@
vanmorgen,vAn-'mOr-G@,G@
morgens,'mOr-G@ns,Or-G@ns
worden,'wOr-d@,Or-d@
gordel,'xOr-d@l,@l
slordig,'slOr-d@x,Or-d@x
snorhaar,'snOr-har,ar
morsen,'mOr-s@,Or-s@
borstel,'bOr-st@l,Or-st@l
storten,'stOr-t@,Or-t@
wortel,'wOr-t@l,@l
vork,'vOrk,Ork
vorm,'vOrm,Orm
storm,'stOrm,Orm
enorm,e-'nOrm,Orm
worm,'wOrm,Orm
dorp,'dOrp,Orp
fors,'fOrs,Ors
worst,'wOrst,Orst
korst,'kOrst,Orst
borst,'bOrst,Orst
dorst,'dOrst,Orst
kort,'kOrt,Ort
bord,'bOrt,Ort
sport,'spOrt,Ort
schort,'sxOrt,Ort
bordje,'bOrt-j@,j@
bezorgd,b@-'zOrxt,Orxt
bos,'bOs,Os
os,'Os,Os
vos,'vOs,Os
los,'lOs,Os
mos,'mOs,Os
crossfiets,'krOs-fits,its
klosje,'klOs-j@,j@
loslaten,'lOs-la-t@,a-t@
losmaken,'lOs-ma-k@,a-k@
kosten,'kOs-t@,Os-t@
post,'pOst,Ost
postzegel,'pOst-se-G@l,e-G@l
slot,'slOt,Ot
tot,'tOt,Ot
suikerpot,'sY+-k@r-pOt,Ot
pot,'pOt,Ot
bot,'bOt,Ot
kapot,ka-'pOt,Ot
marmot,mAr-'mOt,Ot
potje,'pOt-j@,j@
potlood,'pOt-lot,ot
kleurpotlood,'kl2r-pOt-lot,ot
kapotmaken,ka-'pOt-ma-k@,a-k@
botsen,'bOt-s@,Ot-s@
plotseling,'plOt-s@-lIN,IN
botsing,'bOt-sIN,IN
rotzooi,'rOt-soj,oj
ijsschots,'E+-sxOts,Ots
trots,'trOts,Ots
rots,'rOts,Ots
nog,'nOx,Ox
toch,'tOx,Ox
vanochtend,vAn-'Ox-t@nt,@nt
ochtend,'Ox-t@nt,@nt
dochter,'dOx-t@r,Ox-t@r
bocht,'bOxt,Oxt
tocht,'tOxt,Oxt
postbode,'pOzd-bo-d@,o-d@
hoera,hu-'ra,a
pa,'pa,a
sla,'sla,a
bijna,'bE+-na,a
daarna,dar-'na,a
ma,'ma,a
mama,mA-'ma,a
zodra,zo-'dra,a
chocola,So-ko-'la,a
achterna,Ax-t@r-'na,a
vla,'vla,a
na,'na,a
ja,'ja,a
plagen,'pla-G@,a-G@
dragen,'dra-G@,a-G@
vragen,'vra-G@,a-G@
wagen,'wa-G@,a-G@
kruiwagen,'krY+-wa-G@,a-G@
politiewagen,po-'lit-si-wa-G@,a-G@
vuilniswagen,'vY+l-nIs-wa-G@,a-G@
verjagen,v@r-'ja-G@,a-G@
verhuiswagen,v@r-'hY+s-wa-G@,a-G@
klagen,'kla-G@,a-G@
zagen,'za-G@,a-G@
knagen,'kna-G@,a-G@
gedragen,x@-'dra-G@,a-G@
jagen,'ja-G@,a-G@
nagellak,'na-G@-lAk,Ak
nagel,'na-G@l,@l
hagelslag,'ha-G@l-slAx,Ax
wagentje,'wa-G@n-tj@,j@
jager,'ja-G@r,a-G@r
mager,'ma-G@r,a-G@r
slager,'sla-G@r,a-G@r
etage,e-'ta-Z@,a-Z@
garage,xa-'ra-Z@,a-Z@
na-apen,'na-a-p@,a-p@
draden,'dra-d@,a-d@
uitladen,'Y+t-la-d@,a-d@
raden,'ra-d@,a-d@
chocolade,So-ko-'la-d@,a-d@
limonade,li-mo-'na-d@,a-d@
lade,'la-d@,a-d@
dadelijk,'da-d@-l@k,a-d@-l@k
ademen,'a-d@-m@,a-d@-m@
chocolademelk,So-ko-'la-d@-mElk,Elk
zadel,'za-d@l,a-d@l
adem,'a-d@m,a-d@m
ademhalen,'a-d@m-ha-l@,l@
vader,'va-d@r,a-d@r
nadenken,'na-dEN-k@,EN-k@
radio,'ra-di-jo,o
nadoen,'na-dun,un
schaduw,'sxa-dyw,yw
schrijftafel,'sxrE+f-ta-f@l,@l
tafel,'ta-f@l,@l
tafelkleed,'ta-f@l-klet,et
aaien,'a-j@,j@
draaien,'dra-j@,j@
kraaien,'kra-j@,j@
zwaaien,'zwa-j@,j@
omwaaien,Om-'wa-j@,j@
zaaien,'za-j@,j@
najaar,'na-jar,ar
kwaken,'kwa-k@,a-k@
uitmaken,'Y+t-ma-k@,a-k@
kwijtraken,'kwE+t-ra-k@,a-k@
kraken,'kra-k@,a-k@
maken,'ma-k@,a-k@
raken,'ra-k@,a-k@
laken,'la-k@,a-k@
smaken,'sma-k@,a-k@
kakelen,'ka-k@-l@,@-l@
smakelijk,'sma-k@-l@k,a-k@-l@k
verdwalen,v@r-'dwa-l@,l@
halen,'ha-l@,l@
uithalen,'Y+t-ha-l@,l@
zalig,'za-l@x,a-l@x
straling,'stra-lIN,IN
zwaluw,'zwa-lyw,yw
schamen,'sxa-m@,a-m@
dame,'da-m@,a-m@
samen,'sa-m@,a-m@
verzamelen,v@r-'za-m@-l@,@-l@
namelijk,'na-m@-l@k,a-m@-l@k
hamer,'ha-m@r,a-m@r
kamer,'ka-m@r,a-m@r
pyjama,pi-'ja-ma,a
ananas,'a-na-nAs,As
aannemen,'a-ne-m@,e-m@
piano,pi-'ja-no,o
pianospelen,pi-'ja-no-sp@-l@,@-l@
slapen,'sla-p@,a-p@
rapen,'ra-p@,a-p@
gapen,'xa-p@,a-p@
stapelen,'sta-p@-l@,@-l@
stapel,'sta-p@l,@l
garen,'xa-r@,a-r@
bewaren,b@-'wa-r@,a-r@
haren,'ha-r@,a-r@
staren,'sta-r@,a-r@
varen,'va-r@,a-r@
jarig,'ja-r@x,a-r@x
kanarie,ka-'na-ri,a-ri
januari,ja-ny-'wa-ri,a-ri
februari,fe-bry-'wa-ri,a-ri
basisschool,'ba-s@-sxol,ol
praten,'pra-t@,a-t@
baten,'ba-t@,a-t@
blaten,'bla-t@,a-t@
verlaten,v@r-'la-t@,a-t@
uitpraten,'Y+t-pra-t@,a-t@
laten,'la-t@,a-t@
schateren,'sxa-t@-r@,a-t@-r@
water,'wa-t@r,a-t@r
later,'la-t@r,a-t@r
kater,'ka-t@r,a-t@r
zaterdag,'za-t@r-dAx,Ax
waterkant,'wa-t@r-kAnt,Ant
waterpokken,'wa-t@r-pO-k@,O-k@
waterpistool,'wa-t@r-pis-tol,ol
natekenen,'na-te-k@-n@,e-k@-n@
prestatie,prEs-'ta-tsi,i
begraven,b@-'Gra-v@,a-v@
draven,'dra-v@,a-v@
graven,'xra-v@,a-v@
snavel,'sna-v@l,a-v@l
navel,'na-v@l,a-v@l
navertellen,'na-v@r-tE-l@,l@
avondeten,'a-vOnd-e-t@,e-t@
vanavond,vAn-'a-vOnt,Ont
avond,'a-vOnt,Ont
gisteravond,xIs-t@r-'a-vOnt,Ont
avonds,'a-vOnts,Onts
cavia,'ka-vi-ja,a
uitblazen,'Y+d-bla-z@,a-z@
blazen,'bla-z@,a-z@
grazen,'xra-z@,a-z@
razen,'ra-z@,a-z@
mazelen,'ma-z@-l@,@-l@
nazeggen,'na-zE-G@,G@
verbazing,v@r-'ba-zIN,IN
spinazie,spi-'na-zi,i
aankomst,'aN-kOmst,Omst
aankloppen,'aN-klO-p@,O-p@
aankleden,'aN-kle-d@,e-d@
aankomen,'aN-ko-m@,o-m@
graafmachine,'xraf-mA-Si-n@,i-n@
saai,'saj,aj
haai,'haj,aj
taai,'taj,aj
lawaai,la-'waj,aj
papegaai,pA-p@-'Gaj,aj
kraai,'kraj,aj
zwaailicht,'zwaj-lIxt,Ixt
draaimolen,'draj-mo-l@,l@
draak,'drak,ak
smaak,'smak,ak
vaak,'vak,ak
haakje,'hak-j@,j@
fruitschaal,'frY+t-sxal,al
brutaal,bry-'tal,al
zaal,'zal,al
schaal,'sxal,al
kraal,'kral,al
kabaal,ka-'bal,al
journaal,Zur-'nal,al
gymzaal,'xIm-zal,al
sjaal,'Sal,al
helemaal,he-l@-'mal,al
allemaal,A-l@-'mal,al
lokaal,lo-'kal,al
kaal,'kal,al
verhaal,v@r-'hal,al
sandaal,sAn-'dal,al
straal,'stral,al
normaal,nOr-'mal,al
naald,'nalt,alt
kraam,'kram,am
raam,'ram,am
naam,'nam,am
aanblik,'am-blIk,Ik
bijstaan,'bE+-stan,an
slaan,'slan,an
vandaan,vAn-'dan,an
tegenaan,te-G@-'an,an
achteraan,Ax-t@r-'an,an
maan,'man,an
uitgaan,'Y+t-xan,an
komaan,kOm-'an,an
gaan,'xan,an
haan,'han,an
eraan,Er-'an,an
aan,'an,an
bovenaan,bo-v@-'an,an
banaan,ba-'nan,an
traan,'tran,an
vooraan,vor-'an,an
kraan,'kran,an
verdergaan,'vEr-d@r-Gan,an
ramadan,ra-ma-'dan,an
verstaan,v@r-'stan,an
oceaan,o-se-'jan,an
bestaan,b@-'stan,an
staan,'stan,an
glijbaan,'xlE+-ban,an
voortaan,vor-'tan,an
onderaan,On-d@r-'an,an
graan,'xran,an
indiaan,In-di-'jan,an
hijskraan,'hE+s-kran,an
maandag,'man-dAx,Ax
aandoen,'an-dun,un
aanhebben,'an-hE-b@,b@
aanlopen,'an-lo-p@,o-p@
aanrecht,'an-rExt,Ext
aanraken,'an-ra-k@,a-k@
aansteken,'an-ste-k@,e-k@
aantal,'an-tAl,Al
aantrekken,'an-trE-k@,E-k@
aanvliegen,'an-vli-G@,G@
aanvoelen,'an-vu-l@,l@
aanzetten,'an-zE-t@,E-t@
maand,'mant,ant
schaap,'sxap,ap
aap,'ap,ap
slaapkamer,'slap-ka-m@r,a-m@r
paar,'par,ar
ernaar,Er-'nar,ar
waar,'war,ar
naar,'nar,ar
maar,'mar,ar
klaar,'klar,ar
schaar,'sxar,ar
jaar,'jar,ar
daar,'dar,ar
gevaar,x@-'var,ar
raar,'rar,ar
haar,'har,ar
gitaar,xi-'tar,ar
elkaar,El-'kar,ar
zwaargewicht,'zwar-G@-wIxt,Ixt
daarom,'dar-Om,Om
daaraan,'dar-an,an
aarde,'ar-d@,ar-d@
paardebloem,'par-d@-blum,um
aardig,'ar-d@x,ar-d@x
onaardig,On-'ar-d@x,ar-d@x
boosaardig,bos-'ar-d@x,ar-d@x
verjaardag,v@r-'jar-dAx,Ax
gevaarlijk,x@-'var-l@k,ar-l@k
klaarmaken,'klar-ma-k@,a-k@
waarschuwen,'war-sxy-w@,w@
laarzen,'lar-z@,ar-z@
aardappel,'ard-A-p@l,A-p@l
aardbol,'ard-bOl,Ol
lantaarnpaal,lAn-'tarm-pal,al
paars,'pars,ars
laars,'lars,ars
kaars,'kars,ars
kaarsje,'kars-j@,j@
haard,'hart,art
staart,'start,art
maart,'mart,art
paard,'part,art
kaart,'kart,art
vaart,'vart,art
taart,'tart,art
baard,'bart,art
nijlpaard,'nE+l-part,art
luiaard,'lY+-jart,art
kaartje,'kart-j@,j@
gaas,'xas,as
baas,'bas,as
Sinterklaas,sIn-t@r-'klas,as
vaas,'vas,as
kaas,'kas,as
haas,'has,as
sinterklaasfeest,sIn-t@r-'klas-fest,est
sinterklaasliedje,sIn-t@r-'klas-lit-j@,j@
haast,'hast,ast
naast,'nast,ast
verbaasd,v@r-'bast,ast
raad,'rat,at
draad,'drat,at
piraat,pi-'rat,at
apparaat,A-pa-'rat,at
straat,'strat,at
blaad,'blat,at
laat,'lat,at
tomaat,to-'mat,at
plaat,'plat,at
maat,'mat,at
soldaat,sOl-'dat,at
inderdaad,In-d@r-'dat,at
kwaad,'kwat,at
zaad,'zat,at
draadje,'drat-j@,j@
plaatje,'plat-j@,j@
zaadje,'zat-j@,j@
blaadje,'blat-j@,j@
schaatsen,'sxat-s@,at-s@
raadsel,'rat-s@l,@l
allerlaatste,A-l@r-'lat-st@,at-st@
plaats,'plats,ats
schaats,'sxats,ats
laatst,'latst,atst
vraag,'vrax,ax
graag,'xrax,ax
kraag,'krax,ax
laag,'lax,ax
vandaag,vAn-'dax,ax
omlaag,Om-'lax,ax
slee,'sle,e
ermee,Er-'me,e
zee,'ze,e
nee,'ne,e
idee,i-'de,e
portemonnee,pOr-t@-mO-'ne,e
welnee,wEl-'ne,e
thee,'te,e
moskee,mOs-'ke,e
alletwee,'A-l@t-we,e
twee,'twe,e
daarmee,dar-'me,e
fee,'fe,e
okee,o-'ke,e
tegen,'te-G@,e-G@
vegen,'ve-G@,e-G@
regen,'re-G@,e-G@
legen,'le-G@,e-G@
verlegen,v@r-'le-G@,e-G@
bewegen,b@-'we-G@,e-G@
wegen,'we-G@,e-G@
negen,'ne-G@,e-G@
tegenkomen,'te-G@-ko-m@,o-m@
regelen,'re-G@-l@,@-l@
regel,'re-G@l,e-G@l
tegel,'te-G@l,e-G@l
egel,'e-G@l,e-G@l
kegel,'ke-G@l,e-G@l
regenboog,'re-G@m-box,ox
negende,'ne-G@n-d@,e-G@n-d@
negentien,'ne-G@n-tin,in
regenwater,'re-G@n-wa-t@r,a-t@r
beweging,b@-'we-GIN,e-GIN
meegaan,'me-Gan,an
meegeven,'me-Ge-v@,e-v@
lego,'le-Go,o
baby,'be-bi,i
meebrengen,'me-brE-N@,E-N@
zebra,'ze-bra,a
zebrapad,'ze-bra-pAt,At
beneden,b@-'ne-d@,e-d@
uitkleden,'Y+t-kle-d@,e-d@
kneden,'kne-d@,e-d@
verkleden,v@r-'kle-d@,e-d@
geleden,x@-'le-d@,e-d@
tweede,'twe-d@,e-d@
tevreden,t@-'vre-d@,e-d@
volledig,vO-'le-d@x,e-d@x
kleding,'kle-dIN,IN
meedoen,'me-dun,un
meehelpen,'me-hEl-p@,El-p@
zeehond,'ze-hOnt,Ont
steken,'ste-k@,e-k@
ontbreken,Ond-'bre-k@,e-k@
spreken,'spre-k@,e-k@
deken,'de-k@,e-k@
smeken,'sme-k@,e-k@
breken,'bre-k@,e-k@
uitsteken,'Y+t-ste-k@,e-k@
tekenen,'te-k@-n@,e-k@-n@
overtekenen,o-v@r-'te-k@-n@,e-k@-n@
betekenen,b@-'te-k@-n@,e-k@-n@
rekenen,'re-k@-n@,e-k@-n@
tekening,'te-k@-nIN,IN
stekel,'ste-k@l,e-k@l
tekenfilm,'te-k@n-fIlm,Ilm
jazeker,ja-'ze-k@r,e-k@r
zeker,'ze-k@r,e-k@r
beker,'be-k@r,e-k@r
meekomen,'me-ko-m@,o-m@
delen,'de-l@,e-l@
stelen,'ste-l@,e-l@
spelen,'spe-l@,e-l@
vervelen,v@r-'ve-l@,e-l@
verdelen,v@r-'de-l@,e-l@
uitdelen,'Y+-de-l@,e-l@
lelijk,'le-l@k,e-l@k
vervelend,v@r-'ve-l@nt,@nt
tweeling,'twe-lIN,IN
meeloper,'me-lo-p@r,o-p@r
nemen,'ne-m@,e-m@
hemel,'he-m@l,@l
meemaken,'me-ma-k@,a-k@
degene,d@-'Ge-n@,e-n@
lenen,'le-n@,e-n@
sirene,si-'re-n@,e-n@
enige,'e-n@-G@,G@
enig,'e-n@x,e-n@x
mening,'me-nIN,IN
zenuwachtig,'ze-nyw-Ax-t@x,Ax-t@x
lepel,'le-p@l,@l
pepernoot,'pe-p@r-not,ot
theepot,'te-pOt,Ot
repareren,re-pa-'re-r@,e-r@
parkeren,pAr-'ke-r@,e-r@
leren,'le-r@,e-r@
controleren,kOn-tro-'le-r@,e-r@
kleren,'kle-r@,e-r@
trakteren,trAk-'te-r@,e-r@
galopperen,xa-lO-'pe-r@,e-r@
applaudisseren,A-plA+-di-'se-r@,e-r@
feliciteren,fe-li-si-'te-r@,e-r@
logeren,lo-'Ze-r@,e-r@
proberen,pro-'be-r@,e-r@
verkleedkleren,v@r-klet-'kle-r@,e-r@
perenboom,'pe-r@-bom,om
merel,'me-r@l,@l
wereld,'we-r@lt,e-r@lt
bacterie,bAk-'te-ri,i
zeerover,'ze-ro-v@r,o-v@r
vreselijk,'vre-s@-l@k,e-s@-l@k
meespelen,'me-spe-l@,e-l@
weten,'we-t@,e-t@
heten,'he-t@,e-t@
keten,'ke-t@,e-t@
vergeten,v@r-'Ge-t@,e-t@
eten,'e-t@,e-t@
meten,'me-t@,e-t@
fluitketel,'flY+t-ke-t@l,e-t@l
ketel,'ke-t@l,e-t@l
veter,'ve-t@r,e-t@r
meter,'me-t@r,e-t@r
beter,'be-t@r,e-t@r
scheetje,'sxe-tj@,j@
metro,'me-tro,o
metrostation,'me-tro-stA-tSOn,On
zeven,'ze-v@,e-v@
geven,'xe-v@,e-v@
leven,'le-v@,e-v@
zweven,'zwe-v@,e-v@
kleven,'kle-v@,e-v@
beven,'be-v@,e-v@
teruggeven,t@-'rY-Ge-v@,e-v@
even,'e-v@,e-v@
beleven,b@-'le-v@,e-v@
levend,'le-v@nt,@nt
bever,'be-v@r,e-v@r
stevig,'ste-v@x,e-v@x
meevallen,'me-vA-l@,l@
schreeuwen,'sxre-w@,w@
geeuwen,'xe-w@,w@
lezen,'le-z@,e-z@
deze,'de-z@,e-z@
ezel,'e-z@l,@l
bezem,'be-z@m,e-z@m
bezemsteel,'be-z@m-stel,el
bezig,'be-z@x,e-z@x
theezakje,'te-zAk-j@,j@
meezingen,'me-zI-N@,I-N@
leegdrinken,'leG-drIN-k@,IN-k@
zeef,'zef,ef
neef,'nef,ef
scheef,'sxef,ef
beleefd,b@-'left,eft
breekbaar,'breg-bar,ar
bibliotheek,bi-bli-jo-'tek,ek
streek,'strek,ek
cake,'kek,ek
beek,'bek,ek
week,'wek,ek
eekhoorn,'ek-horn,orn
keel,'kel,el
meel,'mel,el
heel,'hel,el
kameel,ka-'mel,el
kasteel,kAs-'tel,el
hoeveel,hu-'vel,el
veel,'vel,el
geel,'xel,el
steel,'stel,el
speelgoed,'spel-Gut,ut
speelplaats,'spel-plats,ats
rails,'rels,els
probleem,pro-'blem,em
zeem,'zem,em
vreemde,'vrem-d@,em-d@
vreemd,'vremt,emt
waarheen,war-'hen,en
alleen,A-'len,en
speen,'spen,en
doorheen,'dor-hen,en
gemeen,x@-'men,en
teen,'ten,en
heen,'hen,en
been,'ben,en
overheen,o-v@r-'hen,en
omheen,Om-'hen,en
steen,'sten,en
meteen,m@-'ten,en
geen,'xen,en
eenzaam,'en-zam,am
eens,'ens,ens
opeens,'O-pens,ens
ineens,In-'ens,ens
eend,'ent,ent
reep,'rep,ep
zeep,'zep,ep
streep,'strep,ep
weer,'wer,er
veer,'ver,er
meneer,m@-'ner,er
wanneer,wA-'ner,er
ijsbeer,'E+z-ber,er
beer,'ber,er
keer,'ker,er
verkeer,v@r-'ker,er
meer,'mer,er
heer,'her,er
peer,'per,er
ongeveer,ON-G@-'ver,er
zeer,'zer,er
alweer,Al-'wer,er
geweer,x@-'wer,er
eerder,'er-d@r,er-d@r
heerlijk,'her-l@k,er-l@k
eerlijk,'er-l@k,er-l@k
neerleggen,'ner-lE-G@,G@
kleermakerszit,'kler-ma-k@r-sIt,It
parkeerplaats,pAr-'ker-plats,ats
eerste,'er-st@,er-st@
allereerste,A-l@r-'er-st@,er-st@
veertig,'ver-t@x,er-t@x
veertien,'ver-tin,in
neerzetten,'ner-zE-t@,E-t@
eerst,'erst,erst
verkeerd,v@r-'kert,ert
verkeersbord,v@r-'kerz-bOrt,Ort
lieveheersbeestje,li-v@-'herz-best-j@,j@
vlees,'vles,es
meeste,'mes-t@,es-t@
burgemeester,bYr-G@-'mes-t@r,es-t@r
meester,'mes-t@r,es-t@r
meest,'mest,est
knuffelbeest,'knY-f@l-best,est
offerfeest,'O-f@r-fest,est
beest,'best,est
verjaardagsfeest,v@r-'jar-dAxs-fest,est
feest,'fest,est
meestal,'mest-Al,Al
beet,'bet,et
breed,'bret,et
kleed,'klet,et
heet,'het,et
beetje,'bet-j@,j@
vergeet-me-nietje,v@r-'Get-m@-nit-j@,j@
eetwaar,'et-war,ar
steeds,'stets,ets
meeuw,'mew,ew
leeuw,'lew,ew
sneeuw,'snew,ew
sneeuwpop,'snew-pOp,Op
sneeuwvlok,'snew-vlOk,Ok
steeg,'stex,ex
leeg,'lex,ex
verpleeg,v@r-'plex,ex
weegschaal,'wex-sxal,al
leesboek,'lez-buk,uk
feestdag,'fez-dAx,Ax
jullie,'jY-li,i
knie,'kni,i
ski,'ski,i
huis,'wi,i
die,'di,i
drie,'dri,i
wie,'wi,i
memory,'mE-m@-ri,i
ie,'i,i
alledrie,A-'lEd-ri,i
liegen,'li-G@,G@
vliegen,'vli-G@,G@
spiegel,'spi-G@l,i-G@l
vlieger,'vli-G@r,i-G@r
wiebelen,'wi-b@-l@,@-l@
kriebelen,'kri-b@-l@,@-l@
verbieden,v@r-'bi-d@,i-d@
solide,so-'li-d@,i-d@
ieder,'i-d@r,i-d@r
iedereen,'i-d@r-en,en
driehoek,'dri-huk,uk
via,'vi-ja,a
ziekenwagen,'zi-k@-wa-G@,a-G@
stiekem,'sti-k@m,i-k@m
weekend,'wi-kEnt,Ent
zielig,'zi-l@x,i-l@x
familie,fa-'mi-li,i
kilometer,'ki-lo-me-t@r,e-t@r
niemand,'ni-mAnt,Ant
iemand,'i-mAnt,Ant
prima,'pri-ma,a
benzine,bEn-'zi-n@,i-n@
verdienen,v@r-'di-n@,i-n@
aspirine,As-pi-'ri-n@,i-n@
trampoline,trAm-po-'li-n@,i-n@
machine,mA-'Si-n@,i-n@
sinas,'si-nAs,As
sinaasappel,'si-nas-A-p@l,A-p@l
bikini,bi-'ki-ni,i
mini,'mi-ni,i
piepen,'pi-p@,i-p@
kiepen,'ki-p@,i-p@
verdieping,v@r-'di-pIN,IN
dieren,'di-r@,i-r@
versieren,v@r-'si-r@,i-r@
gieren,'xi-r@,i-r@
vieren,'vi-r@,i-r@
nieuwsgierig,niws-'xi-r@x,i-r@x
versiering,v@r-'si-rIN,IN
sieraad,'si-rat,at
surprise,sYr-'pri-s@,i-s@
visite,vi-'si-t@,i-t@
genieten,x@-'ni-t@,i-t@
schieten,'sxi-t@,i-t@
gieten,'xi-t@,i-t@
kietelen,'ki-t@-l@,@-l@
titel,'ti-t@l,@l
gieter,'xi-t@r,i-t@r
verdrietig,v@r-'dri-t@x,i-t@x
pizza,'pi-tsa,a
politie,po-'li-tsi,i
politieagent,po-'li-tsi-a-GEnt,Ent
politiebureau,po-'li-tsi-by-ro,o
lievelingsdier,'li-v@-lINz-dir,ir
liever,'li-v@r,i-v@r
lieverd,'li-v@rt,i-v@rt
kiwi,'ki-wi,i-wi
giechelen,'xi-x@-l@,@-l@
uitkiezen,'Y+t-ki-z@,z@
verliezen,v@r-'li-z@,z@
niezen,'ni-z@,z@
vriezen,'vri-z@,z@
bevriezen,b@-'vri-z@,z@
kiezen,'ki-z@,z@
griezelig,'xri-z@-l@x,i-z@-l@x
televisie,te-l@-'vi-zi,i
schminken,'SmiN-k@,iN-k@
fietsband,'fidz-bAnt,Ant
brief,'brif,if
locomotief,lo-ko-mo-'tif,if
dief,'dif,if
lief,'lif,if
liefst,'lifst,ifst
verliefd,v@r-'lift,ift
alsjeblieft,Als-j@-'blift,ift
alstublieft,Als-ty-'blift,ift
gymnastiek,xIm-nAs-'tik,ik
muziek,my-'zik,ik
publiek,py-'blik,ik
elastiek,e-lAs-'tik,ik
ziek,'zik,ik
paniek,pa-'nik,ik
muziekinstrument,my-'zik-In-stry-mEnt,Ent
wiel,'wil,il
wielrenner,'wil-rE-n@r,E-n@r
mobieltje,mo-'bil-tj@,j@
riem,'rim,im
zien,'zin,in
misschien,mI-'sxin,in
tien,'tin,in
bovendien,bo-v@-'din,in
vijftien,'vE+f-tin,in
vriendelijk,'vrin-d@-l@k,in-d@-l@k
onvriendelijk,On-'vrin-d@-l@k,in-d@-l@k
vriend,'vrint,int
vriendje,'vrint-j@,j@
ondiep,On-'dip,ip
diep,'dip,ip
plezier,pl@-'zir,ir
wc-papier,we-se-pa-'pir,ir
rivier,ri-'vir,ir
papier,pa-'pir,ir
vier,'vir,ir
dier,'dir,ir
mier,'mir,ir
bier,'bir,ir
hier,'hir,ir
kier,'kir,ir
manier,ma-'nir,ir
vierde,'vir-d@,ir-d@
vierkant,'vir-kAnt,Ant
hiermee,'hir-me,e
servies,sEr-'vis,is
advies,At-'fis,is
kies,'kis,is
precies,pr@-'sis,is
vies,'vis,is
Piet,'pit,it
niet,'nit,it
riet,'rit,it
friet,'frit,it
liedje,'lit-j@,j@
rietje,'rit-j@,j@
kerstliedje,'kErst-lit-j@,j@
frietjes,'frit-j@s,it-j@s
bietjes,'bit-j@s,it-j@s
fietsen,'fit-s@,it-s@
iets,'its,its
zoiets,'zo-wits,its
fiets,'fits,its
niets,'nits,its
fietspad,'fits-pAt,At
fietspomp,'fits-pOmp,Omp
opnieuw,Op-'niw,iw
nieuw,'niw,iw
overnieuw,o-v@r-'niw,iw
nieuws,'niws,iws
benieuwd,b@-'niwt,iwt
vlieg,'vlix,ix
wieg,'wix,ix
vliegveld,'vlix-fElt,Elt
bravo,bra-'vo,o
brandweerauto,'brAnd-wer-A+-to,o
zo,'zo,o
euro,'2-ro,o
cadeau,ka-'do,o
vrachtauto,'vrAxt-A+-to,o
maillot,mA-'jo,o
bureau,by-'ro,o
hallo,hA-'lo,o
stro,'stro,o
auto,'A+-to,o
ogen,'o-G@,G@
drogen,'dro-G@,G@
mogen,'mo-G@,G@
ogenblik,'o-G@-blIk,Ik
mogelijk,'mo-G@-l@k,o-G@-l@k
vogel,'vo-G@l,@l
kogel,'ko-G@l,@l
vogelkooi,'vo-G@l-koj,oj
vogelnestje,'vo-G@l-nEst-j@,j@
vogeltje,'vo-G@l-tj@,j@
vogelverschrikker,'vo-G@l-v@r-sxrI-k@r,I-k@r
horloge,hOr-'lo-Z@,o-Z@
oktober,Ok-'to-b@r,o-b@r
ober,'o-b@r,o-b@r
robot,'ro-bOt,Ot
bodem,'bo-d@m,o-d@m
gooien,'xo-j@,j@
strooien,'stro-j@,j@
dooien,'do-j@,j@
koken,'ko-k@,o-k@
kokosnoot,'ko-kOs-not,ot
molen,'mo-l@,l@
vrolijk,'vro-l@k,o-l@k
cola,'ko-la,a
oliebol,'o-li-bOl,Ol
olifant,'o-li-fAnt,Ant
thuiskomen,'tY+s-ko-m@,o-m@
stromen,'stro-m@,o-m@
dromen,'dro-m@,o-m@
komen,'ko-m@,o-m@
bomen,'bo-m@,o-m@
buitenkomen,'bY+-t@-ko-m@,o-m@
zomer,'zo-m@r,o-m@r
ijscoman,'E+s-ko-mAn,An
diploma,di-'plo-ma,a
oma,'o-ma,a
zomaar,'zo-mar,ar
wonen,'wo-n@,o-n@
honing,'ho-nIN,IN
koning,'ko-nIN,IN
macaroni,ma-ka-'ro-ni,o-ni
doorlopen,dor-'lo-p@,o-p@
kopen,'ko-p@,o-p@
hopen,'ho-p@,o-p@
lopen,'lo-p@,o-p@
open,'o-p@,o-p@
voorbijlopen,vor-'bE+-lo-p@,o-p@
opendoen,'o-p@-dun,un
openmaken,'o-p@-ma-k@,a-k@
openen,'o-p@-n@,o-p@-n@
voorlopig,vor-'lo-p@x,o-p@x
opa,'o-pa,a
boren,'bo-r@,o-r@
toren,'to-r@,o-r@
verloren,v@r-'lo-r@,o-r@
horen,'ho-r@,o-r@
geboren,x@-'bo-r@,o-r@
storen,'sto-r@,o-r@
vorig,'vo-r@x,o-r@x
horizon,'ho-ri-zOn,On
stoten,'sto-t@,o-t@
schotel,'sxo-t@l,@l
schoteltje,'sxo-t@l-tj@,j@
boter,'bo-t@r,o-t@r
boterham,'bo-t@r-hAm,Am
motor,'mo-tOr,o-tOr
cadeautje,ka-'do-tj@,j@
foto,'fo-to,o-to
fototoestel,'fo-to-tu-stEl,El
broodtrommel,'bro-trO-m@l,@l
ondersteboven,On-d@r-st@-'bo-v@,o-v@
boven,'bo-v@,o-v@
geloven,x@-'lo-v@,o-v@
beloven,b@-'lo-v@,o-v@
bovenkant,'bo-v@-kAnt,Ant
tovenaar,'to-v@-nar,ar
toveren,'to-v@-r@,o-v@-r@
klaar-over,klar-'o-v@r,o-v@r
achterover,Ax-t@r-'o-v@r,o-v@r
tegenover,te-G@-'o-v@r,o-v@r
over,'o-v@r,o-v@r
voorover,vor-'o-v@r,o-v@r
overal,'o-v@r-Al,Al
overgeven,'o-v@r-Ge-v@,e-v@
overkant,'o-v@r-kAnt,Ant
overslaan,'o-v@r-slan,an
oversteken,'o-v@r-ste-k@,e-k@
zoveel,'zo-vel,el
goochelen,'xo-x@-l@,@-l@
goochelaar,'xo-x@-lar,ar
droogmaken,'droG-ma-k@,a-k@
woonkamer,'woN-ka-m@r,a-m@r
doodmoe,'dod-mu,u
doof,'dof,of
hoofd,'hoft,oft
kooi,'koj,oj
hooi,'hoj,oj
mooi,'moj,oj
nooit,'nojt,ojt
ooit,'ojt,ojt
spook,'spok,ok
ook,'ok,ok
rook,'rok,ok
Zuidpool,'zY+t-pol,ol
school,'sxol,ol
pistool,pis-'tol,ol
zool,'zol,ol
schoolbord,'sxol-bOrt,Ort
schooldokter,'sxol-dOk-t@r,Ok-t@r
schoolkrant,'sxol-krAnt,Ant
droom,'drom,om
stoom,'stom,om
oom,'om,om
stoomboot,'stom-bot,ot
telefoonboek,te-l@-'fom-buk,uk
boomstam,'bom-stAm,Am
telefoon,te-l@-'fon,on
zoon,'zon,on
gewoon,x@-'won,on
schoon,'sxon,on
microfoon,mi-kro-'fon,on
troon,'tron,on
persoon,p@r-'son,on
boon,'bon,on
woonomgeving,'won-Om-Ge-vIN,IN
schoonmaken,'sxon-ma-k@,a-k@
woonwagen,'won-wa-G@,a-G@
knoop,'knop,op
bioscoop,bi-jO-'skop,op
goedkoop,xut-'kop,op
hoop,'hop,op
knoopsgat,'knops-xAt,At
oor,'or,or
daarvoor,dar-'vor,or
waarvoor,war-'vor,or
voor,'vor,or
hoor,'hor,or
onderdoor,On-d@r-'dor,or
tussendoor,tY-s@-'dor,or
rechtdoor,rEG-'dor,or
door,'dor,or
boor,'bor,or
vandoor,vAn-'dor,or
doorgaan,'dor-Gan,an
doorgeven,'dor-Ge-v@,e-v@
voorbank,'vor-bANk,ANk
oorbel,'or-bEl,El
onhoorbaar,On-'hor-bar,ar
bijvoorbeeld,bE+-'vor-belt,elt
voorbeeld,'vor-belt,elt
woorden,'wor-d@,or-d@
woordenboek,'wor-d@-buk,uk
voordringen,'vor-drI-N@,I-N@
voordoen,'vor-dun,un
voorjaar,'vor-jar,ar
voorkant,'vor-kAnt,Ant
voorlicht,'vor-lIxt,Ixt
voorlezen,'vor-le-z@,e-z@
voornaam,'vor-nam,am
voorpoot,'vor-pot,ot
doorspoelen,'dor-spu-l@,l@
voorstellen,'vor-stE-l@,l@
voorstelling,'vor-stE-lIN,IN
schoorsteen,'sxor-sten,en
tussendoortje,tY-s@-'dor-tj@,j@
doortrekken,'dor-trE-k@,E-k@
voorzeggen,'vor-zE-G@,G@
gehoorzamen,x@-'hor-za-m@,a-m@
gehoorzaam,x@-'hor-zam,am
neushoorn,'n2s-horn,orn
woord,'wort,ort
akkoord,A-'kort,ort
soort,'sort,ort
poort,'port,ort
Noordpool,'nort-pol,ol
koorts,'korts,orts
roos,'ros,os
boos,'bos,os
framboos,frAm-'bos,os
doos,'dos,os
matroos,mA-'tros,os
poos,'pos,os
poosje,'pos-j@,j@
troosten,'tros-t@,os-t@
groot,'xrot,ot
schoot,'sxot,ot
poot,'pot,ot
sloot,'slot,ot
bloot,'blot,ot
brood,'brot,ot
boot,'bot,ot
zeilboot,'zE+l-bot,ot
dood,'dot,ot
noot,'not,ot
rood,'rot,ot
grootvader,'xrot-fa-d@r,a-d@r
broodje,'brot-j@,ot-j@
nootje,'not-j@,ot-j@
beukennootje,'b2-k@-not-j@,ot-j@
grootmoeder,'xrot-mu-d@r,u-d@r
doodstil,'dot-stIl,Il
boodschappen,'bot-sxA-p@,A-p@
boodschappentas,'bot-sxA-p@-tAs,As
doodgaan,'dot-xan,an
vergrootglas,v@r-'Grot-xlAs,As
hoofddoek,'hov-duk,uk
hoofdletter,'hovd-lE-t@r,E-t@r
omhoog,Om-'hox,ox
oog,'ox,ox
droog,'drox,ox
hoog,'hox,ox
naartoe,nar-'tu,u
toe,'tu,u
moe,'mu,u
koe,'ku,u
hoe,'hu,u
vroeger,'vru-G@r,u-G@r
douchen,'du-S@,u-S@
troebel,'tru-b@l,@l
woedend,'wu-d@nt,@nt
moeder,'mu-d@r,u-d@r
moederdag,'mu-d@r-dAx,Ax
oefenen,'u-f@-n@,u-f@-n@
sproeien,'spru-j@,j@
groeien,'xru-j@,j@
loeien,'lu-j@,j@
bloeien,'blu-j@,j@
bemoeien,b@-'mu-j@,j@
knoeien,'knu-j@,j@
roeien,'ru-j@,j@
stoeien,'stu-j@,j@
gloeiend,'xlu-j@nt,@nt
onderzoeken,On-d@r-'zu-k@,u-k@
uitzoeken,'Y+t-su-k@,u-k@
zoeken,'zu-k@,u-k@
boekenkast,'bu-k@-kAst,Ast
koekenpan,'ku-k@-pAn,An
boekenrek,'bu-k@-rEk,Ek
koekoek,'ku-kuk,uk
spoelen,'spu-l@,l@
voelen,'vu-l@,l@
uitspoelen,'Y+t-spu-l@,l@
bedoelen,b@-'du-l@,l@
gevoelens,x@-'vu-l@ns,u-l@ns
bedoeling,b@-'du-lIN,IN
zoemen,'zu-m@,u-m@
noemen,'nu-m@,u-m@
zoenen,'zu-n@,u-n@
seizoenen,sE+-'zu-n@,u-n@
snoepen,'snu-p@,u-p@
roepen,'ru-p@,u-p@
poepen,'pu-p@,u-p@
uitroepen,'Y+t-ru-p@,u-p@
soepel,'su-p@l,@l
vervoeren,v@r-'vu-r@,u-r@
voeren,'vu-r@,u-r@
roeren,'ru-r@,u-r@
ontmoeten,Ont-'mu-t@,u-t@
moeten,'mu-t@,u-t@
scooter,'sku-t@r,u-t@r
computer,kOm-'pju-t@r,u-t@r
toeter,'tu-t@r,u-t@r
toetje,'tu-tj@,j@
proeven,'pru-v@,u-v@
hoeven,'hu-v@,u-v@
oever,'u-v@r,u-v@r
droevig,'dru-v@x,u-v@x
blouse,'blu-z@,z@
toezicht,'tu-zIxt,Ixt
douche,'duS,uS
voetballen,'vud-bA-l@,l@
voetbal,'vud-bAl,Al
goedmaken,'xud-ma-k@,a-k@
boef,'buf,uf
bedroefd,b@-'druft,uft
doei,'duj,uj
moeilijk,'muj-l@k,uj-l@k
vloeistof,'vluj-stOf,Of
moeite,'muj-t@,uj-t@
hoek,'huk,uk
bouwhoek,'bA+w-huk,uk
onderzoek,On-d@r-'zuk,uk
koek,'kuk,uk
bezoek,b@-'zuk,uk
boek,'buk,uk
zoek,'zuk,uk
sprookjesboek,'sprok-j@z-buk,uk
spijkerbroek,'spE+-k@r-bruk,uk
doek,'duk,uk
broek,'bruk,uk
poppenhoek,'pO-p@-huk,uk
kleurboek,'kl2r-buk,uk
koekje,'kuk-j@,j@
doekje,'duk-j@,j@
koel,'kul,ul
boel,'bul,ul
stoel,'stul,ul
heleboel,he-l@-'bul,ul
koelkast,'kul-kAst,Ast
stoelpoot,'stul-pot,ot
bloem,'blum,um
boom,'bum,um
bloembol,'blum-bOl,Ol
bloempot,'blum-pOt,Ot
beroemd,b@-'rumt,umt
doen,'dun,un
zoen,'zun,un
schoen,'sxun,un
katoen,ka-'tun,un
uitdoen,'Y+-dun,un
kampioen,kAm-pi-'jun,un
meloen,m@-'lun,un
toen,'tun,un
groen,'xrun,un
citroen,si-'trun,un
groente,'xrun-t@,un-t@
groenteman,'xrun-t@-mAn,An
woensdag,'wunz-dAx,Ax
stoep,'stup,up
soep,'sup,up
snoep,'snup,up
groep,'xrup,up
troep,'trup,up
poep,'pup,up
snoepje,'snup-j@,j@
stoeprand,'stup-rAnt,Ant
vloer,'vlur,ur
broer,'brur,ur
boer,'bur,ur
vervoer,v@r-'vur,ur
stoer,'stur,ur
vloerkleed,'vlur-klet,et
vervoermiddel,v@r-'vur-mI-d@l,I-d@l
poes,'pus,us
hoesten,'hus-t@,us-t@
woest,'wust,ust
bloed,'blut,ut
hoed,'hut,ut
voet,'vut,ut
groet,'xrut,ut
goed,'xut,ut
zoet,'zut,ut
poetsen,'put-s@,ut-s@
voetstap,'vut-stAp,Ap
koets,'kuts,uts
vroeg,'vrux,ux
genoeg,x@-'nux,ux
doeg,'dux,ux
nu,'ny,y
paraplu,pa-ra-'ply,y
u,'y,y
spugen,'spy-G@,G@
juli,'jy-li,i
juni,'jy-ni,i
super,'sy-p@r,y-p@r
supermarkt,'sy-p@r-mArkt,Arkt
duren,'dy-r@,y-r@
turen,'ty-r@,y-r@
sturen,'sty-r@,y-r@
gluren,'xly-r@,y-r@
buren,'by-r@,y-r@
reisbureau,'rE+z-by-ro,o
lucifer,'ly-si-fEr,Er
duwen,'dy-w@,w@
ruzie,'ry-zi,i
stuur,'styr,yr
avontuur,a-vOn-'tyr,yr
zuur,'zyr,yr
vuur,'vyr,yr
muur,'myr,yr
duur,'dyr,yr
uur,'yr,yr
natuur,na-'tyr,yr
schuur,'sxyr,yr
secuur,s@-'kyr,yr
bestuurder,b@-'styr-d@r,yr-d@r
buurjongen,'byr-jO-N@,O-N@
zuurkool,'zyr-kol,ol
natuurlijk,na-'tyr-l@k,yr-l@k
buurman,'byr-mAn,An
zuurstof,'zyr-stOf,Of
vuurwerk,'vyr-wErk,Erk
buurt,'byrt,yrt
minuut,mi-'nyt,yt
ruw,'ryw,yw
duw,'dyw,yw
